class,order,family,genus,specie,taxon_id
Insecta,Psocodea,Philotarsidae,Aaroniella,Aaroniella badonneli,473200
Hexanauplia,Cyclopoida,Cyclopidae,Acanthocyclops,Acanthocyclops vernalis,212213
Branchiopoda,Anomopoda,Acantholeberidae,Acantholeberis,Acantholeberis curvirostris,483847
Insecta,Hemiptera,Acanthosomatidae,Acanthosoma,Acanthosoma haemorrhoidale,51149
Insecta,Coleoptera,Dytiscidae,Acilius,Acilius sulcatus,130410
Insecta,Hymenoptera,Mymaridae,Acmopolynema,Acmopolynema varium,1130836
Pauropoda,Tetramerocerata,Eurypauropodidae,Acopauropus,Acopauropus ornatus,1195707
Insecta,Plecoptera,Perlidae,Acroneuria,Acroneuria abnormis,212402
Branchiopoda,Anomopoda,Chydoridae,Acroperus,Acroperus harpae,203472
Insecta,Coleoptera,Ptiliidae,Acrotrichis,Acrotrichis inconspicua,409636
Insecta,Lepidoptera,Adelidae,Adela,Adela reaumurella,56203
Insecta,Hemiptera,Adelgidae,Adelges,Adelges laricis,430129
Insecta,Coleoptera,Aderidae,Aderus,Aderus populneus,212506
Insecta,Diptera,Culicidae,Aedes,Aedes vexans,155387
Insecta,Thysanoptera,Aeolothripidae,Aeolothrips,Aeolothrips albicinctus,882602
Insecta,Thysanoptera,Aeolothripidae,Aeolothrips,Aeolothrips collaris,548683
Insecta,Thysanoptera,Aeolothripidae,Aeolothrips,Aeolothrips kuwanaii,489296
Insecta,Lepidoptera,Heliodinidae,Aetole,Aetole bella,82520
Insecta,Trichoptera,Glossosomatidae,Agapetus,Agapetus fuscipes,321932
Insecta,Diptera,Platypezidae,Agathomyia,Agathomyia wankowiczii,892440
Insecta,Coleoptera,Chrysomelidae,Agelastica,Agelastica alni,210933
Insecta,Trichoptera,Hydroptilidae,Agraylea,Agraylea multipunctata,212803
Insecta,Coleoptera,Elateridae,Agrypnus,Agrypnus murinus,52406
Insecta,Coleoptera,Agyrtidae,Agyrtes,Agyrtes castaneus,538962
Insecta,Hemiptera,Aleyrodidae,Aleyrodes,Aleyrodes proletella,409563
Entognatha,Symphypleona,Sminthuridae,Allacma,Allacma fusca,356218
Insecta,Plecoptera,Capniidae,Allocapnia,Allocapnia minima,212982
Insecta,Hemiptera,Kermesidae,Allokermes,Allokermes cueroensis,49014
Arachnida,Trombidiformes,Trombidiidae,Allothrombium,Allothrombium fuliginosum,502421
Insecta,Hymenoptera,Figitidae,Alloxysta,Alloxysta victrix,385361
Insecta,Diptera,Ceratopogonidae,Alluaudomyia,Alluaudomyia bella,294366
Insecta,Lepidoptera,Alucitidae,Alucita,Alucita hexadactyla,70203
Arachnida,Araneae,Amaurobiidae,Amaurobius,Amaurobius ferox,127022
Insecta,Hymenoptera,Ichneumonidae,Amblyteles,Amblyteles armatorius,127719
Insecta,Mantodea,Amelidae,Ameles,Ameles spallanzania,430051
Insecta,Hymenoptera,Ampulicidae,Ampulex,Ampulex compressa,348362
Insecta,Hymenoptera,Figitidae,Anacharis,Anacharis zealandica,153969
Insecta,Hymenoptera,Mymaridae,Anagrus,Anagrus atomus,385562
Insecta,Hymenoptera,Encyrtidae,Anagyrus,Anagyrus paralia,265005
Insecta,Thysanoptera,Thripidae,Anaphothrips,Anaphothrips obscurus,307105
Insecta,Coleoptera,Scraptiidae,Anaspis,Anaspis maculata,496270
Insecta,Hymenoptera,Eupelmidae,Anastatus,Anastatus catalonicus,1127866
Insecta,Psocodea,Philopteridae,Anaticola,Anaticola crassicornis,330604
Insecta,Psocodea,Philopteridae,Anatoecus,Anatoecus dentatus,330610
Insecta,Odonata,Aeshnidae,Anax,Anax junius,67731
Insecta,Hymenoptera,Andrenidae,Andrena,Andrena fulva,60579
Arachnida,Opiliones,Trogulidae,Anelasmocephalus,Anelasmocephalus cambridgei,526528
Insecta,Trichoptera,Calamoceratidae,Anisocentropus,Anisocentropus pyraloides,213640
Insecta,Dermaptera,Anisolabididae,Anisolabis,Anisolabis maritima,127193
Insecta,Coleoptera,Leiodidae,Anisotoma,Anisotoma humeralis,456778
Insecta,Hymenoptera,Pompilidae,Anoplius,Anoplius viaticus,461636
Insecta,Coleoptera,Geotrupidae,Anoplotrupes,Anoplotrupes stercorosus,125655
Insecta,Hymenoptera,Dryinidae,Anteon,Anteon caledonianum,385757
Insecta,Hymenoptera,Scelionidae,Anteris,Anteris aethra,1397268
Insecta,Coleoptera,Cryptophagidae,Antherophagus,Antherophagus ochraceus,173084
Insecta,Coleoptera,Cryptophagidae,Antherophagus,Antherophagus pallens,130584
Insecta,Hymenoptera,Megachilidae,Anthidium,Anthidium manicatum,62453
Insecta,Hemiptera,Anthocoridae,Anthocoris,Anthocoris nemorum,359507
Insecta,Diptera,Anthomyiidae,Anthomyia,Anthomyia procellaris,322343
Insecta,Lepidoptera,Choreutidae,Anthophila,Anthophila fabriciana,321979
Insecta,Coleoptera,Dermestidae,Anthrenus,Anthrenus verbasci,120113
Insecta,Lepidoptera,Heliozelidae,Antispila,Antispila cornifoliella,213810
Diplopoda,Julida,Nemasomatidae,Antrokoreana,Antrokoreana gracilipes,623171
Entognatha,Poduromorpha,Neanuridae,Anurida,Anurida maritima,203347
Arachnida,Araneae,Anyphaenidae,Anyphaena,Anyphaena accentuata,319828
Arachnida,Trombidiformes,Anystidae,Anystis,Anystis baccarum,262721
Arachnida,Trombidiformes,Anystidae,Anystis,Anystis wallacei,650540
Insecta,Trichoptera,Apataniidae,Apatania,Apatania incerta,213878
Insecta,Trichoptera,Apataniidae,Apatania,Apatania muliebris,1047828
Insecta,Trichoptera,Apataniidae,Apatania,Apatania stigmatella,213882
Insecta,Trichoptera,Apataniidae,Apatania,Apatania zonella,213884
Insecta,Hemiptera,Aphelocheiridae,Aphelocheirus,Aphelocheirus aestivalis,546897
Insecta,Coleoptera,Brentidae,Apion,Apion frumentarium,205779
Insecta,Hymenoptera,Apidae,Apis,Apis mellifera,47219
Insecta,Coleoptera,Rhadalidae,Aplocnemus,Aplocnemus impressus,467737
Insecta,Coleoptera,Rhadalidae,Aplocnemus,Aplocnemus nigricornis,467738
Insecta,Lepidoptera,Limacodidae,Apoda,Apoda limacodes,324132
Insecta,Coleoptera,Attelabidae,Apoderus,Apoderus coryli,60472
Insecta,Dermaptera,Forficulidae,Apterygida,Apterygida albipennis,1416568
Insecta,Hemiptera,Gerridae,Aquarius,Aquarius paludum,360902
Insecta,Orthoptera,Mogoplistidae,Arachnocephalus,Arachnocephalus vestitus,466305
Insecta,Hemiptera,Aradidae,Aradus,Aradus depressus,204846
Insecta,Trichoptera,Hydropsychidae,Arctopsyche,Arctopsyche ladogensis,214105
Arachnida,Ixodida,Argasidae,Argas,Argas persicus,263516
Arachnida,Ixodida,Argasidae,Argas,Argas reflexus,484033
Insecta,Hymenoptera,Argidae,Arge,Arge ochropus,447507
Arachnida,Araneae,Araneidae,Argiope,Argiope bruennichi,50867
Ichthyostraca,Arguloida,Argulidae,Argulus,Argulus foliaceus,467516
Ichthyostraca,Arguloida,Argulidae,Argulus,Argulus japonicus,411018
Insecta,Lepidoptera,Argyresthiidae,Argyresthia,Argyresthia goedartella,214138
Malacostraca,Isopoda,Armadillidiidae,Armadillidium,Armadillidium vulgare,56083
Malacostraca,Isopoda,Armadillidae,Armadillo,Armadillo officinalis,319939
Malacostraca,Isopoda,Detonidae,Armadilloniscus,Armadilloniscus ellipticus,469851
Entognatha,Symphypleona,Arrhopalitidae,Arrhopalites,Arrhopalites caecus,296634
Branchiopoda,Anostraca,Artemiidae,Artemia,Artemia monica,94658
Branchiopoda,Anostraca,Artemiidae,Artemia,Artemia parthenogenetica,461275
Insecta,Ephemeroptera,Arthropleidae,Arthroplea,Arthroplea congener,987911
Insecta,Hemiptera,Delphacidae,Asiraca,Asiraca clavicornis,450685
Insecta,Coleoptera,Sphindidae,Aspidiphorus,Aspidiphorus orbiculatus,924103
Insecta,Diptera,Asteiidae,Asteia,Asteia amoena,707335
Insecta,Hemiptera,Asterolecaniidae,Asterodiaspis,Asterodiaspis ilicicola,1153369
Insecta,Coleoptera,Anamorphidae,Asymbius,Asymbius rufus,1422682
Insecta,Zygentoma,Nicoletiidae,Atelura,Atelura formicaria,541898
Arachnida,Pseudoscorpiones,Atemnidae,Atemnus,Atemnus politus,1266480
Insecta,Hymenoptera,Tenthredinidae,Athalia,Athalia rosae,333154
Insecta,Diptera,Athericidae,Atherix,Atherix ibis,738294
Insecta,Diptera,Ceratopogonidae,Atrichopogon,Atrichopogon jacobsoni,311455
Hexanauplia,Harpacticoida,Canthocamptidae,Attheyella,Attheyella nordenskioldii,1075680
Arachnida,Araneae,Atypidae,Atypus,Atypus affinis,318905
Insecta,Diptera,Aulacigastridae,Aulacigaster,Aulacigaster pappi,1394749
Insecta,Coleoptera,Hydraenidae,Aulacochthebius,Aulacochthebius exaratus,652151
Insecta,Hymenoptera,Aulacidae,Aulacus,Aulacus striatus,476076
Insecta,Diptera,Ditomyiidae,Australosymmerus,Australosymmerus aculeatus,982514
Insecta,Diptera,Ditomyiidae,Australosymmerus,Australosymmerus fuscinervis,1281955
Malacostraca,Decapoda,Astacidae,Austropotamobius,Austropotamobius pallipes,94974
Insecta,Psocodea,Pseudocaeciliidae,Austropsocus,Austropsocus viridis,410901
Insecta,Diptera,Simuliidae,Austrosimulium,Austrosimulium australense,386482
Insecta,Lepidoptera,Cimeliidae,Axia,Axia margarita,714432
Insecta,Psocodea,Sphaeropsocidae,Badonnelia,Badonnelia titei,1454169
Insecta,Hymenoptera,Scelionidae,Baeus,Baeus persordidus,1426022
Insecta,Hemiptera,Pseudococcidae,Balanococcus,Balanococcus diminutus,51757
Arachnida,Trombidiformes,Erythraeidae,Balaustium,Balaustium murorum,464685
Insecta,Lepidoptera,Batrachedridae,Batrachedra,Batrachedra praeangusta,214908
Insecta,Lepidoptera,Bedelliidae,Bedellia,Bedellia somnulentella,214958
Arachnida,Scorpiones,Belisariidae,Belisarius,Belisarius xambeui,130034
Insecta,Lepidoptera,Nolidae,Bena,Bena bicolorana,360836
Insecta,Hymenoptera,Eurytomidae,Bephratelloides,Bephratelloides cubensis,299383
Insecta,Trichoptera,Beraeidae,Beraea,Beraea pullata,533441
Insecta,Psocodea,Epipsocidae,Bertkauia,Bertkauia lucifuga,1071237
Insecta,Hymenoptera,Bethylidae,Bethylus,Bethylus cephalotes,498476
Insecta,Diptera,Bibionidae,Bibio,Bibio marci,56096
Insecta,Coleoptera,Biphyllidae,Biphyllus,Biphyllus lunatus,577756
Insecta,Coleoptera,Zopheridae,Bitoma,Bitoma crenata,215232
Insecta,Mecoptera,Bittacidae,Bittacus,Bittacus chlorostigma,60066
Insecta,Mecoptera,Bittacidae,Bittacus,Bittacus italicus,856422
Diplopoda,Julida,Blaniulidae,Blaniulus,Blaniulus guttulatus,133831
Insecta,Hymenoptera,Blasticotomidae,Blasticotoma,Blasticotoma filiceti,856298
Insecta,Lepidoptera,Blastobasidae,Blastobasis,Blastobasis phycidella,319549
Insecta,Hymenoptera,Agaonidae,Blastophaga,Blastophaga psenes,653247
Insecta,Blattodea,Blattellidae,Blattella,Blattella germanica,121237
Insecta,Diptera,Blephariceridae,Blepharicera,Blepharicera fasciata,627633
Insecta,Hymenoptera,Encyrtidae,Blepyrus,Blepyrus insularis,298828
Insecta,Diptera,Bombyliidae,Bombylius,Bombylius major,51557
Insecta,Mecoptera,Boreidae,Boreus,Boreus hyemalis,430143
Branchiopoda,Anomopoda,Bosminidae,Bosmina,Bosmina longirostris,203468
Insecta,Coleoptera,Bostrichidae,Bostrichus,Bostrichus capucinus,358395
Insecta,Coleoptera,Bothrideridae,Bothrideres,Bothrideres bipunctatus,625715
Entognatha,Symphypleona,Bourletiellidae,Bourletiella,Bourletiella hortensis,386771
Insecta,Lepidoptera,Brachodidae,Brachodes,Brachodes funebris,466370
Insecta,Trichoptera,Brachycentridae,Brachycentrus,Brachycentrus maculatus,1199836
Insecta,Trichoptera,Brachycentridae,Brachycentrus,Brachycentrus subnubilis,1005701
Insecta,Hymenoptera,Chalcididae,Brachymeria,Brachymeria podagrica,264880
Pauropoda,Tetramerocerata,Brachypauropodidae,Brachypauropus,Brachypauropus hamiger,1389676
Insecta,Coleoptera,Kateretidae,Brachypterus,Brachypterus urticae,215401
Entognatha,Poduromorpha,Brachystomellidae,Brachystomella,Brachystomella parvula,296566
Branchiopoda,Anostraca,Branchipodidae,Branchipus,Branchipus schaefferi,856252
Insecta,Hymenoptera,Eupelmidae,Brasema,Brasema rhadinosa,265111
Insecta,Diptera,Braulidae,Braula,Braula coeca,510331
Hexanauplia,Harpacticoida,Canthocamptidae,Bryocamptus,Bryocamptus hutchinsoni,1463201
Hexanauplia,Harpacticoida,Canthocamptidae,Bryocamptus,Bryocamptus vejdovskyi,988390
Insecta,Lepidoptera,Bucculatricidae,Bucculatrix,Bucculatrix thoracella,207526
Branchiopoda,Anomopoda,Macrothricidae,Bunops,Bunops serricaudata,1079700
Arachnida,Scorpiones,Buthidae,Buthus,Buthus occitanus,127312
Insecta,Coleoptera,Anamorphidae,Bystus,Bystus ulkei,506566
Branchiopoda,Onychopoda,Cercopagididae,Bythotrephes,Bythotrephes longimanus,199410
Insecta,Coleoptera,Byturidae,Byturus,Byturus ochraceus,130843
Malacostraca,Isopoda,Asellidae,Caecidotea,Caecidotea acuticarpa,215618
Malacostraca,Isopoda,Asellidae,Caecidotea,Caecidotea ancyla,215621
Malacostraca,Isopoda,Asellidae,Caecidotea,Caecidotea bicrenata,215625
Malacostraca,Isopoda,Sphaeromatidae,Caecosphaeroma,Caecosphaeroma burgundum,1362572
Insecta,Ephemeroptera,Caenidae,Caenis,Caenis anceps,215677
Insecta,Ephemeroptera,Caenidae,Caenis,Caenis bajaensis,215679
Insecta,Ephemeroptera,Caenidae,Caenis,Caenis horaria,546137
Insecta,Ephemeroptera,Caenidae,Caenis,Caenis latipennis,215684
Insecta,Ephemeroptera,Caenidae,Caenis,Caenis punctata,215686
Insecta,Ephemeroptera,Caenidae,Caenis,Caenis youngi,215688
Insecta,Hymenoptera,Cephidae,Calameuta,Calameuta filiformis,494327
Insecta,Trichoptera,Calamoceratidae,Calamoceras,Calamoceras marsupus,1138568
Malacostraca,Isopoda,Asellidae,Calasellus,Calasellus californicus,210725
Arachnida,Araneae,Leptonetidae,Calileptoneta,Calileptoneta helferi,844943
Insecta,Hemiptera,Caliscelidae,Caliscelis,Caliscelis bonellii,325773
Arachnida,Araneae,Nemesiidae,Calisoga,Calisoga longitarsis,50989
Diplopoda,Callipodida,Callipodidae,Callipus,Callipus foetidissimus,919441
Insecta,Hemiptera,Calophyidae,Calophya,Calophya nigripennis,326723
Insecta,Hemiptera,Calophyidae,Calophya,Calophya rhois,1089288
Insecta,Odonata,Calopterygidae,Calopteryx,Calopteryx splendens,51824
Insecta,Coleoptera,Clambidae,Calyptomerus,Calyptomerus dubius,655057
Insecta,Diptera,Campichoetidae,Campichoeta,Campichoeta punctum,1200277
Entognatha,Diplura,Campodeidae,Campodea,Campodea augens,1241305
Insecta,Hemiptera,Alydidae,Camptopus,Camptopus lateralis,326890
Arachnida,Sarcoptiformes,Canestriniidae,Canestrinia,Canestrinia dorcicola,1469410
Hexanauplia,Harpacticoida,Canthocamptidae,Canthocamptus,Canthocamptus staphylinus,984296
Insecta,Plecoptera,Capniidae,Capnia,Capnia vidua,495426
Insecta,Coleoptera,Buprestidae,Capnodis,Capnodis tenebrionis,336708
Insecta,Coleoptera,Carabidae,Carabus,Carabus nemoralis,56552
Insecta,Lepidoptera,Peleopodidae,Carcina,Carcina quercana,205221
Insecta,Diptera,Carnidae,Carnus,Carnus hemapterus,943533
Entognatha,Diplura,Japygidae,Catajapyx,Catajapyx aquilonaris,1374164
Insecta,Hemiptera,Membracidae,Centrotus,Centrotus cornutus,362433
Insecta,Hymenoptera,Bethylidae,Cephalonomia,Cephalonomia pinkfloydi,447078
Insecta,Coleoptera,Ptiliidae,Cephaloplectus,Cephaloplectus mus,502462
Arachnida,Araneae,Synaphridae,Cepheia,Cepheia longiseta,783806
Insecta,Diptera,Oestridae,Cephenemyia,Cephenemyia stimulator,626816
Insecta,Hymenoptera,Encyrtidae,Cerapterocerus,Cerapterocerus mirabilis,299284
Insecta,Hemiptera,Ceratocombidae,Ceratocombus,Ceratocombus aotearoae,387321
Insecta,Hemiptera,Ceratocombidae,Ceratocombus,Ceratocombus coleoptratus,887462
Insecta,Hemiptera,Ceratocombidae,Ceratocombus,Ceratocombus vagans,484773
Arachnida,Opiliones,Ischyropsalididae,Ceratolasma,Ceratolasma tricantha,525845
Insecta,Siphonaptera,Ceratophyllidae,Ceratophyllus,Ceratophyllus hirundinis,424347
Entognatha,Poduromorpha,Hypogastruridae,Ceratophysella,Ceratophysella denticulata,85251
Entognatha,Poduromorpha,Hypogastruridae,Ceratophysella,Ceratophysella pratorum,261696
Branchiopoda,Onychopoda,Cercopagididae,Cercopagis,Cercopagis pengoi,199401
Insecta,Hemiptera,Cercopidae,Cercopis,Cercopis vulnerata,61862
Insecta,Psocodea,Trogiidae,Cerobasis,Cerobasis guestfalica,245799
Insecta,Coleoptera,Cerophytidae,Cerophytum,Cerophytum elateroides,1044466
Insecta,Coleoptera,Cerophytidae,Cerophytum,Cerophytum pulsator,1032537
Insecta,Coleoptera,Cerylonidae,Cerylon,Cerylon histeroides,547841
Arachnida,Araneae,Trachelidae,Cetonana,Cetonana laticeps,786804
Arachnida,Sarcoptiformes,Chaetodactylidae,Chaetodactylus,Chaetodactylus osmiae,1459452
Insecta,Odonata,Lestidae,Chalcolestes,Chalcolestes viridis,124488
Insecta,Diptera,Chaoboridae,Chaoborus,Chaoborus americanus,129895
Insecta,Diptera,Chaoboridae,Chaoborus,Chaoborus crystallinus,129896
Insecta,Diptera,Chaoboridae,Chaoborus,Chaoborus flavicans,129900
Insecta,Diptera,Chaoboridae,Chaoborus,Chaoborus trivittatus,129898
Arachnida,Araneae,Cheiracanthiidae,Cheiracanthium,Cheiracanthium mildei,61869
Arachnida,Pseudoscorpiones,Cheiridiidae,Cheiridium,Cheiridium museorum,656880
Arachnida,Pseudoscorpiones,Cheliferidae,Chelifer,Chelifer cancroides,409775
Arachnida,Pseudoscorpiones,Chernetidae,Chernes,Chernes cimicoides,518563
Arachnida,Pseudoscorpiones,Chernetidae,Chernes,Chernes hahni,518555
Insecta,Trichoptera,Hydropsychidae,Cheumatopsyche,Cheumatopsyche analis,216660
Insecta,Hemiptera,Artheneidae,Chilacis,Chilacis typhae,467709
Insecta,Trichoptera,Philopotamidae,Chimarra,Chimarra marginata,469226
Ostracoda,Podocopida,Cyprididae,Chlamydotheca,Chlamydotheca arcuata,822042
Insecta,Diptera,Stratiomyidae,Chloromyia,Chloromyia formosa,326598
Diplopoda,Chordeumatida,Chordeumatidae,Chordeuma,Chordeuma proximum,336964
Insecta,Lepidoptera,Elachistidae,Chrysoclista,Chrysoclista linneella,364095
Insecta,Neuroptera,Chrysopidae,Chrysopa,Chrysopa perla,52424
Insecta,Diptera,Tabanidae,Chrysops,Chrysops relictus,130392
Arachnida,Pseudoscorpiones,Chthoniidae,Chthonius,Chthonius ischnocheles,750924
Arachnida,Pseudoscorpiones,Chthoniidae,Chthonius,Chthonius paganus,1023297
Arachnida,Pseudoscorpiones,Chthoniidae,Chthonius,Chthonius tenuis,558361
Arachnida,Pseudoscorpiones,Chthoniidae,Chthonius,Chthonius tetrachelatus,216895
Insecta,Diptera,Chyromyidae,Chyromya,Chyromya femorella,900689
Insecta,Diptera,Chyromyidae,Chyromya,Chyromya oppidana,712448
Insecta,Diptera,Chyromyidae,Chyromya,Chyromya robusta,1154643
Insecta,Hemiptera,Cicadidae,Cicada,Cicada orni,243961
Insecta,Hemiptera,Cicadellidae,Cicadella,Cicadella viridis,52447
Insecta,Psocodea,Menoponidae,Ciconiphilus,Ciconiphilus decimfasciatus,387614
Arachnida,Araneae,Hahniidae,Cicurina,Cicurina cicur,446772
Insecta,Coleoptera,Nemonychidae,Cimberis,Cimberis attelaboides,748585
Insecta,Hymenoptera,Cimbicidae,Cimbex,Cimbex femoratus,333695
Insecta,Hemiptera,Cimicidae,Cimex,Cimex lectularius,69658
Insecta,Hemiptera,Achilidae,Cixidia,Cixidia opaca,343375
Insecta,Hemiptera,Achilidae,Cixidia,Cixidia pilatoi,739606
Insecta,Hymenoptera,Cleonymidae,Cleonymus,Cleonymus laticornis,1076513
Insecta,Coleoptera,Rhysodidae,Clinidium,Clinidium calcaratum,217197
Insecta,Ephemeroptera,Baetidae,Cloeon,Cloeon dipterum,217219
Insecta,Diptera,Psychodidae,Clogmia,Clogmia albipunctata,258813
Insecta,Phasmida,Bacillidae,Clonopsis,Clonopsis gallica,337089
Arachnida,Araneae,Clubionidae,Clubiona,Clubiona comta,362800
Insecta,Diptera,Clusiidae,Clusia,Clusia tigrina,605917
Insecta,Coleoptera,Corylophidae,Clypastraea,Clypastraea lunata,217251
Insecta,Coleoptera,Corylophidae,Clypastraea,Clypastraea pulchella,387727
Insecta,Coleoptera,Coccinellidae,Coccinella,Coccinella septempunctata,51702
Insecta,Hymenoptera,Aphelinidae,Coccophagus,Coccophagus ceroplastae,658343
Insecta,Hymenoptera,Aphelinidae,Coccophagus,Coccophagus lycimnia,298823
Insecta,Diptera,Coelopidae,Coelopa,Coelopa frigida,194032
Insecta,Diptera,Xylophagidae,Coenomyia,Coenomyia ferruginea,465810
Insecta,Lepidoptera,Coleophoridae,Coleophora,Coleophora mayrella,321675
Insecta,Hymenoptera,Colletidae,Colletes,Colletes hederae,433481
Insecta,Thysanoptera,Phlaeothripidae,Compsothrips,Compsothrips albosignatus,1103438
Insecta,Neuroptera,Coniopterygidae,Conwentzia,Conwentzia californica,307352
Insecta,Neuroptera,Coniopterygidae,Conwentzia,Conwentzia psociformis,454958
Insecta,Hemiptera,Plataspidae,Coptosoma,Coptosoma scutellatum,470124
Insecta,Odonata,Cordulegastridae,Cordulegaster,Cordulegaster boltonii,85057
Insecta,Odonata,Corduliidae,Cordulia,Cordulia aenea,61429
Arachnida,Pseudoscorpiones,Chernetidae,Cordylochernes,Cordylochernes scorpioides,271914
Insecta,Hemiptera,Coreidae,Coreus,Coreus marginatus,318545
Insecta,Hemiptera,Rhopalidae,Corizus,Corizus hyoscyami,51707
Insecta,Coleoptera,Latridiidae,Cortinicara,Cortinicara gibbosa,174190
Insecta,Hymenoptera,Mymaridae,Cosmocomoidea,Cosmocomoidea ashmeadi,1105198
Insecta,Lepidoptera,Cossidae,Cossus,Cossus cossus,362611
Arachnida,Araneae,Cybaeidae,Cryphoeca,Cryphoeca silvicola,781406
Insecta,Hemiptera,Eriococcidae,Cryptococcus,Cryptococcus fagisuga,54061
Chilopoda,Scolopendromorpha,Cryptopidae,Cryptops,Cryptops hortensis,336908
Malacostraca,Amphipoda,Talitridae,Cryptorchestia,Cryptorchestia garbinii,1085852
Insecta,Hemiptera,Dipsocoridae,Cryptostemma,Cryptostemma alienum,887463
Insecta,Hemiptera,Aphalaridae,Ctenarytaina,Ctenarytaina eucalypti,48186
Arachnida,Araneae,Ctenizidae,Cteniza,Cteniza moggridgei,784103
Arachnida,Araneae,Ctenizidae,Cteniza,Cteniza sauvagesi,416698
Insecta,Siphonaptera,Pulicidae,Ctenocephalides,Ctenocephalides felis,311218
Insecta,Coleoptera,Cucujidae,Cucujus,Cucujus cinnaberinus,98787
Insecta,Diptera,Ceratopogonidae,Culicoides,Culicoides impunctatus,467165
Arachnida,Araneae,Cybaeidae,Cybaeus,Cybaeus signifer,52949
Insecta,Coleoptera,Cybocephalidae,Cybocephalus,Cybocephalus politus,989639
Insecta,Coleoptera,Nitidulidae,Cychramus,Cychramus luteus,174082
Insecta,Lepidoptera,Tortricidae,Cydia,Cydia pomonella,47153
Insecta,Diptera,Cylindrotomidae,Cylindrotoma,Cylindrotoma distinctissima,703293
Malacostraca,Isopoda,Cylisticidae,Cylisticus,Cylisticus convexus,130170
Insecta,Hemiptera,Cymidae,Cymus,Cymus melanocephalus,556558
Insecta,Hymenoptera,Cynipidae,Cynips,Cynips quercusfolii,119642
Entognatha,Entomobryomorpha,Cyphoderidae,Cyphoderus,Cyphoderus albinus,467025
Entognatha,Entomobryomorpha,Cyphoderidae,Cyphoderus,Cyphoderus similis,296579
Ostracoda,Podocopida,Cyprididae,Cypridopsis,Cypridopsis vidua,371148
Ostracoda,Podocopida,Cyprididae,Cypris,Cypris bispinosa,1453952
Arachnida,Araneae,Ctenizidae,Cyrtocarenum,Cyrtocarenum cunicularium,703887
Insecta,Diptera,Acroceridae,Cyrtus,Cyrtus gibbus,324345
Insecta,Coleoptera,Byrrhidae,Cytilus,Cytilus sericeus,487447
Insecta,Hemiptera,Dactylopiidae,Dactylopius,Dactylopius opuntiae,335785
Insecta,Hemiptera,Phylloxeridae,Daktulosphaira,Daktulosphaira vitifoliae,324587
Arachnida,Sarcoptiformes,Damaeidae,Damaeus,Damaeus onustus,554920
Insecta,Coleoptera,Dascillidae,Dascillus,Dascillus cervinus,343019
Insecta,Hymenoptera,Melittidae,Dasypoda,Dasypoda hirtipes,746682
Insecta,Coleoptera,Silvanidae,Dendrophagus,Dendrophagus crenatus,876597
Insecta,Psocodea,Menoponidae,Dennyus,Dennyus hirundinis,1412363
Insecta,Hemiptera,Miridae,Deraeocoris,Deraeocoris ruber,451784
Arachnida,Mesostigmata,Dermanyssidae,Dermanyssus,Dermanyssus gallinae,263331
Arachnida,Sarcoptiformes,Pyroglyphidae,Dermatophagoides,Dermatophagoides farinae,262970
Insecta,Diptera,Milichiidae,Desmometopa,Desmometopa nearctica,948701
Hexanauplia,Cyclopoida,Cyclopidae,Diacyclops,Diacyclops bicuspidatus,218302
Insecta,Diptera,Diadocidiidae,Diadocidia,Diadocidia ferruginosa,990629
Branchiopoda,Ctenopoda,Sididae,Diaphanosoma,Diaphanosoma brachyurum,483864
Insecta,Diptera,Diastatidae,Diastata,Diastata fuscula,542821
Insecta,Hymenoptera,Eulophidae,Dichatomus,Dichatomus acerinus,559275
Insecta,Hemiptera,Stenocephalidae,Dicranocephalus,Dicranocephalus agilis,327167
Arachnida,Opiliones,Dicranolasmatidae,Dicranolasma,Dicranolasma scabrum,526527
Arachnida,Opiliones,Dicranolasmatidae,Dicranolasma,Dicranolasma soerensenii,526526
Insecta,Hemiptera,Tingidae,Dictyla,Dictyla echii,437831
Insecta,Hemiptera,Tropiduchidae,Dictyonia,Dictyonia obscura,142785
Insecta,Hemiptera,Dictyopharidae,Dictyophara,Dictyophara europaea,550657
Entognatha,Symphypleona,Dicyrtomidae,Dicyrtomina,Dicyrtomina ornata,205720
Insecta,Coleoptera,Gyrinidae,Dineutus,Dineutus assimilis,218467
Insecta,Coleoptera,Gyrinidae,Dineutus,Dineutus ciliatus,218468
Insecta,Hymenoptera,Braconidae,Dinocampus,Dinocampus coccinellae,128244
Arachnida,Trombidiformes,Trombidiidae,Dinothrombium,Dinothrombium pandorae,61743
Insecta,Diptera,Asilidae,Dioctria,Dioctria hyalipennis,135239
Insecta,Hymenoptera,Diparidae,Dipara,Dipara petiolata,629299
Insecta,Hymenoptera,Diparidae,Dipara,Dipara trilineatus,1029666
Entognatha,Diplura,Japygidae,Dipljapyx,Dipljapyx humberti,877818
Insecta,Hymenoptera,Diplolepididae,Diplolepis,Diplolepis rosae,205320
Insecta,Hymenoptera,Diprionidae,Diprion,Diprion similis,62626
Insecta,Diptera,Ephydridae,Discomyza,Discomyza incurva,552407
Insecta,Neuroptera,Myrmeleontidae,Distoleon,Distoleon tetragrammicus,119248
Insecta,Diptera,Ditomyiidae,Ditomyia,Ditomyia fasciata,624685
Insecta,Lepidoptera,Lypusidae,Diurnea,Diurnea fagella,142778
Insecta,Hymenoptera,Encyrtidae,Diversinervus,Diversinervus elegans,298830
Insecta,Diptera,Dixidae,Dixa,Dixa capensis,662675
Insecta,Diptera,Dixidae,Dixa,Dixa nebulosa,1200092
Insecta,Diptera,Dixidae,Dixella,Dixella limai,1326356
Insecta,Diptera,Dixidae,Dixella,Dixella martinii,1200097
Insecta,Diptera,Dixidae,Dixella,Dixella torrentia,1026821
Insecta,Psocodea,Philopteridae,Docophoroides,Docophoroides brevis,330626
Insecta,Orthoptera,Rhaphidophoridae,Dolichopoda,Dolichopoda azami,447928
Insecta,Hymenoptera,Ampulicidae,Dolichurus,Dolichurus corniculus,990861
Insecta,Diptera,Drosophilidae,Drosophila,Drosophila immigrans,329845
Insecta,Lepidoptera,Dryadaulidae,Dryadaula,Dryadaula heindeli,481678
Insecta,Lepidoptera,Dryadaulidae,Dryadaula,Dryadaula myrrhina,388744
Insecta,Lepidoptera,Dryadaulidae,Dryadaula,Dryadaula pactolia,388760
Insecta,Hymenoptera,Dryinidae,Dryinus,Dryinus collaris,633541
Insecta,Hymenoptera,Dryinidae,Dryinus,Dryinus koebelei,311610
Insecta,Coleoptera,Elmidae,Dubiraphia,Dubiraphia vittata,218788
Arachnida,Araneae,Dysderidae,Dysdera,Dysdera crocata,68912
Insecta,Lepidoptera,Eriocraniidae,Dyseriocrania,Dyseriocrania subpurpurella,325266
Arachnida,Trombidiformes,Erythraeidae,Eatoniana,Eatoniana plumipes,912509
Insecta,Psocodea,Echinophthiriidae,Echinophthirius,Echinophthirius horridus,1105895
Insecta,Trichoptera,Ecnomidae,Ecnomus,Ecnomus tenellus,546185
Insecta,Blattodea,Ectobiidae,Ectobius,Ectobius lapponicus,203409
Insecta,Psocodea,Ectopsocidae,Ectopsocus,Ectopsocus petersi,321933
Insecta,Hymenoptera,Encyrtidae,Ectromatopsis,Ectromatopsis americanum,298831
Insecta,Strepsiptera,Elenchidae,Elenchus,Elenchus tenuicornis,663806
Insecta,Embioptera,Embiidae,Embia,Embia amadorae,1041591
Insecta,Embioptera,Embiidae,Embia,Embia ramburi,712309
Insecta,Embioptera,Embiidae,Embia,Embia savignyi,1041567
Insecta,Embioptera,Embiidae,Embia,Embia tartara,1041563
Insecta,Hymenoptera,Embolemidae,Embolemus,Embolemus ruddii,1462659
Insecta,Lepidoptera,Pterophoridae,Emmelina,Emmelina monodactyla,127431
Insecta,Diptera,Mythicomyiidae,Empidideicus,Empidideicus hackmani,1372753
Insecta,Diptera,Empididae,Empis,Empis tessellata,461172
Insecta,Mantodea,Empusidae,Empusa,Empusa pennata,55122
Insecta,Hymenoptera,Aphelinidae,Encarsia,Encarsia citrinus,311201
Insecta,Hymenoptera,Aphelinidae,Encarsia,Encarsia dispersa,751329
Insecta,Hymenoptera,Aphelinidae,Encarsia,Encarsia fernandae,564498
Insecta,Hymenoptera,Aphelinidae,Encarsia,Encarsia guadeloupae,751376
Insecta,Hymenoptera,Aphelinidae,Encarsia,Encarsia noyesi,751815
Insecta,Hymenoptera,Aphelinidae,Encarsia,Encarsia perplexa,299198
Insecta,Coleoptera,Endomychidae,Endomychus,Endomychus coccineus,504738
Insecta,Lepidoptera,Endromidae,Endromis,Endromis versicolora,128214
Insecta,Ephemeroptera,Ephemeridae,Ephemera,Ephemera danica,452500
Insecta,Ephemeroptera,Polymitarcyidae,Ephoron,Ephoron album,81981
Insecta,Ephemeroptera,Polymitarcyidae,Ephoron,Ephoron leukon,123600
Insecta,Ephemeroptera,Polymitarcyidae,Ephoron,Ephoron virgo,546144
Insecta,Diptera,Limoniidae,Epiphragma,Epiphragma ocellare,357312
Arachnida,Araneae,Agelenidae,Eratigena,Eratigena duellica,750907
Arachnida,Araneae,Eresidae,Eresus,Eresus kollari,202770
Insecta,Hymenoptera,Aphelinidae,Eretmocerus,Eretmocerus mundus,750829
Insecta,Lepidoptera,Eriocottidae,Eriocottis,Eriocottis paradoxella,468426
Arachnida,Sarcoptiformes,Eriophyidae,Eriophyes,Eriophyes tiliae,319872
Insecta,Diptera,Syrphidae,Eristalis,Eristalis tenax,55719
Arachnida,Araneae,Mimetidae,Ero,Ero aphana,746529
Arachnida,Trombidiformes,Erythracaridae,Erythracarus,Erythracarus pyrrholeucus,868744
Insecta,Thysanoptera,Aeolothripidae,Erythrothrips,Erythrothrips arizonae,882388
Insecta,Thysanoptera,Aeolothripidae,Erythrothrips,Erythrothrips keeni,506709
Insecta,Lepidoptera,Depressariidae,Ethmia,Ethmia bipunctella,219582
Branchiopoda,Anostraca,Chirocephalidae,Eubranchipus,Eubranchipus grubii,460501
Insecta,Coleoptera,Psephenidae,Eubria,Eubria palustris,991357
Insecta,Coleoptera,Psephenidae,Eubrianax,Eubrianax edwardsii,154820
Insecta,Hymenoptera,Eucharitidae,Eucharis,Eucharis adscendens,466442
Insecta,Coleoptera,Eucinetidae,Eucinetus,Eucinetus haemorrhoidalis,219638
Insecta,Coleoptera,Eucinetidae,Eucinetus,Eucinetus morio,219639
Insecta,Lepidoptera,Meessiidae,Eudarcia,Eudarcia eunitariaeella,362673
Insecta,Coleoptera,Limnichidae,Eulimnichus,Eulimnichus ater,219744
Insecta,Hymenoptera,Eupelmidae,Eupelmus,Eupelmus antipoda,389395
Insecta,Hymenoptera,Eupelmidae,Eupelmus,Eupelmus australiensis,299409
Insecta,Hymenoptera,Bethylidae,Eupsenella,Eupsenella insulana,389501
Insecta,Lepidoptera,Lecithoceridae,Eurodachtha,Eurodachtha pallicornella,470955
Branchiopoda,Anomopoda,Eurycercidae,Eurycercus,Eurycercus lamellatus,338152
Branchiopoda,Anomopoda,Eurycercidae,Eurycercus,Eurycercus longirostris,627873
Insecta,Hemiptera,Scutelleridae,Eurygaster,Eurygaster maura,327173
Insecta,Coleoptera,Sphindidae,Eurysphindus,Eurysphindus comatulus,457378
Arachnida,Trombidiformes,Tetranychidae,Eurytetranychus,Eurytetranychus buxi,903829
Insecta,Hymenoptera,Eurytomidae,Eurytoma,Eurytoma amygdali,962049
Insecta,Hymenoptera,Eurytomidae,Eurytoma,Eurytoma gigantea,496353
Insecta,Hymenoptera,Eurytomidae,Eurytoma,Eurytoma obtusiventris,265099
Insecta,Coleoptera,Eucinetidae,Euscaphurus,Euscaphurus spinipes,370897
Arachnida,Scorpiones,Euscorpiidae,Euscorpius,Euscorpius flavicaudis,118942
Insecta,Lepidoptera,Euteliidae,Eutelia,Eutelia adulatrix,71196
Arachnida,Trombidiformes,Hydryphantidae,Euthyas,Euthyas truncata,296933
Insecta,Diptera,Nemestrinidae,Fallenia,Fallenia fasciata,513784
Insecta,Diptera,Fanniidae,Fannia,Fannia canicularis,121213
Arachnida,Araneae,Filistatidae,Filistata,Filistata insidiatrix,468121
Insecta,Thysanoptera,Thripidae,Frankliniella,Frankliniella occidentalis,243760
Malacostraca,Decapoda,Atyidae,Gallocaris,Gallocaris inermis,434917
Malacostraca,Amphipoda,Gammaridae,Gammarus,Gammarus lacustris,220287
Insecta,Hymenoptera,Gasteruptiidae,Gasteruption,Gasteruption jaculator,472957
Insecta,Hemiptera,Geocoridae,Geocoris,Geocoris erythrocephalus,709890
Arachnida,Pseudoscorpiones,Geogarypidae,Geogarypus,Geogarypus minor,917008
Insecta,Mantodea,Rivetinidae,Geomantis,Geomantis larvoides,468008
Insecta,Diptera,Opomyzidae,Geomyza,Geomyza tripunctata,326614
Insecta,Coleoptera,Georissidae,Georissus,Georissus crenulatus,624443
Hexanauplia,Calanoida,Diaptomidae,Gigantodiaptomus,Gigantodiaptomus amblyodon,1254906
Diplopoda,Glomerida,Glomeridae,Glomeris,Glomeris marginata,56078
Diplopoda,Glomerida,Protoglomeridae,Glomeroides,Glomeroides pellucidus,307609
Diplopoda,Glomerida,Protoglomeridae,Glomeroides,Glomeroides primus,154901
Insecta,Lepidoptera,Glyphipterigidae,Glyphipterix,Glyphipterix simpliciella,354734
Insecta,Trichoptera,Limnephilidae,Glyphotaelius,Glyphotaelius pellucidus,324273
Insecta,Trichoptera,Goeridae,Goera,Goera pilosa,482049
Insecta,Hymenoptera,Dryinidae,Gonatopus,Gonatopus zealandicus,389855
Branchiopoda,Spinicaudata,Limnadiidae,Gondwanalimnadia,Gondwanalimnadia costata,1438322
Insecta,Psocodea,Philopteridae,Goniodes,Goniodes dissimilis,330633
Insecta,Hymenoptera,Bethylidae,Goniozus,Goniozus jacintae,389871
Insecta,Lepidoptera,Gracillariidae,Gracillaria,Gracillaria syringella,320060
Insecta,Psocodea,Stenopsocidae,Graphopsocus,Graphopsocus cruciatus,200017
Insecta,Orthoptera,Gryllotalpidae,Gryllotalpa,Gryllotalpa gryllotalpa,71219
Insecta,Orthoptera,Gryllidae,Gryllus,Gryllus campestris,71248
Insecta,Coleoptera,Lophocateridae,Grynocharis,Grynocharis oblonga,101831
Insecta,Hymenoptera,Scelionidae,Gryon,Gryon misellum,485043
Branchiopoda,Anomopoda,Macrothricidae,Guernella,Guernella raphaelis,949574
Insecta,Diptera,Chyromyidae,Gymnochiromyia,Gymnochiromyia concolor,1272474
Insecta,Diptera,Chyromyidae,Gymnochiromyia,Gymnochiromyia nigrimana,1466655
Insecta,Thysanoptera,Phlaeothripidae,Gynaikothrips,Gynaikothrips ficorum,270786
Insecta,Hymenoptera,Halictidae,Halictus,Halictus scabiosae,415589
Insecta,Psocodea,Philopteridae,Halipeurus,Halipeurus diversus,330637
Malacostraca,Isopoda,Halophilosciidae,Halophiloscia,Halophiloscia couchii,469862
Insecta,Lepidoptera,Riodinidae,Hamearis,Hamearis lucina,133154
Insecta,Embioptera,Oligotomidae,Haploembia,Haploembia solieri,56835
Malacostraca,Isopoda,Trichoniscidae,Haplophthalmus,Haplophthalmus danicus,220920
Insecta,Hemiptera,Hebridae,Hebrus,Hebrus buenoi,220988
Insecta,Hemiptera,Hebridae,Hebrus,Hebrus burmeisteri,220989
Insecta,Hemiptera,Hebridae,Hebrus,Hebrus pusillus,624522
Insecta,Hymenoptera,Chrysididae,Hedychrum,Hedychrum rutilans,469708
Insecta,Hymenoptera,Eurytomidae,Heimbra,Heimbra opacus,298852
Insecta,Diptera,Helcomyzidae,Helcomyza,Helcomyza mirabilis,918807
Insecta,Diptera,Helcomyzidae,Helcomyza,Helcomyza ustulata,775651
Insecta,Coleoptera,Dryopidae,Helichus,Helichus lithophilus,221006
Insecta,Lepidoptera,Heliodinidae,Heliodines,Heliodines roesella,1047934
Insecta,Coleoptera,Helophoridae,Helophorus,Helophorus angusticollis,221127
Insecta,Coleoptera,Helophoridae,Helophorus,Helophorus brevipalpis,131103
Insecta,Coleoptera,Helophoridae,Helophorus,Helophorus grandis,131106
Insecta,Coleoptera,Helophoridae,Helophorus,Helophorus lacustris,221132
Insecta,Coleoptera,Helophoridae,Helophorus,Helophorus linearis,221134
Insecta,Coleoptera,Helophoridae,Helophorus,Helophorus lineatus,221135
Insecta,Coleoptera,Helophoridae,Helophorus,Helophorus marginicollis,221136
Insecta,Coleoptera,Helophoridae,Helophorus,Helophorus nanus,992585
Insecta,Hymenoptera,Heloridae,Helorus,Helorus anomalipes,853749
Chilopoda,Geophilomorpha,Geophilidae,Henia,Henia vesuviana,68721
Insecta,Ephemeroptera,Heptageniidae,Heptagenia,Heptagenia sulphurea,482035
Insecta,Hymenoptera,Heptamelidae,Heptamelus,Heptamelus ochroleucus,992619
Insecta,Coleoptera,Elmidae,Heterelmis,Heterelmis comalensis,221273
Insecta,Coleoptera,Heteroceridae,Heterocerus,Heterocerus fenestratus,733190
Arachnida,Pseudoscorpiones,Chernetidae,Heterochernes,Heterochernes novaezealandiae,390424
Ostracoda,Podocopida,Cyprididae,Heterocypris,Heterocypris incongruens,210271
Insecta,Hemiptera,Heterogastridae,Heterogaster,Heterogaster urticae,390463
Insecta,Lepidoptera,Heterogynidae,Heterogynis,Heterogynis canalensis,547494
Insecta,Lepidoptera,Heterogynidae,Heterogynis,Heterogynis penella,320875
Arachnida,Araneae,Oonopidae,Heteroonops,Heteroonops spinimanus,298035
Insecta,Trichoptera,Calamoceratidae,Heteroplectron,Heteroplectron americanum,221337
Insecta,Trichoptera,Calamoceratidae,Heteroplectron,Heteroplectron californicum,221338
Insecta,Hymenoptera,Heydeniidae,Heydenia,Heydenia pretiosa,957597
Insecta,Hemiptera,Nabidae,Himacerus,Himacerus mirmicoides,130127
Insecta,Trichoptera,Rhyacophilidae,Himalopsyche,Himalopsyche lua,709605
Chilopoda,Geophilomorpha,Himantariidae,Himantarium,Himantarium gabrielis,513922
Arachnida,Trombidiformes,Trombiculidae,Hirsutiella,Hirsutiella zachvatkini,1193199
Diplopoda,Polyzoniida,Hirudisomatidae,Hirudisoma,Hirudisoma latum,1497788
Insecta,Lepidoptera,Oecophoridae,Hofmannophila,Hofmannophila pseudospretella,129570
Arachnida,Araneae,Lycosidae,Hogna,Hogna radiata,326871
Insecta,Coleoptera,Histeridae,Hololepta,Hololepta plana,343748
Branchiopoda,Ctenopoda,Holopediidae,Holopedium,Holopedium gibberum,483820
Insecta,Coleoptera,Corylophidae,Holopsis,Holopsis marginicollis,203289
Arachnida,Opiliones,Cladonychiidae,Holoscotolemon,Holoscotolemon querilhaci,526493
Insecta,Hymenoptera,Encyrtidae,Homalotylus,Homalotylus flaminius,264987
Insecta,Hemiptera,Homotomidae,Homotoma,Homotoma ficus,474753
Insecta,Coleoptera,Hybosoridae,Hybosorus,Hybosorus illigeri,908673
Arachnida,Trombidiformes,Hydrachnidae,Hydrachna,Hydrachna geographica,491296
Insecta,Coleoptera,Hydraenidae,Hydraena,Hydraena marginicollis,855561
Insecta,Coleoptera,Hydraenidae,Hydraena,Hydraena testacea,978755
Insecta,Coleoptera,Hydrophilidae,Hydrobius,Hydrobius fuscipes,221612
Insecta,Coleoptera,Noteridae,Hydrocanthus,Hydrocanthus iricolor,221615
Insecta,Coleoptera,Hydrochidae,Hydrochus,Hydrochus brevis,992875
Insecta,Coleoptera,Hydrochidae,Hydrochus,Hydrochus callosus,894732
Insecta,Coleoptera,Hydrochidae,Hydrochus,Hydrochus crenatus,992874
Insecta,Coleoptera,Hydrochidae,Hydrochus,Hydrochus elongatus,978756
Insecta,Coleoptera,Hydrochidae,Hydrochus,Hydrochus ignicollis,992872
Insecta,Coleoptera,Hydrochidae,Hydrochus,Hydrochus jaechi,894736
Insecta,Coleoptera,Hydrochidae,Hydrochus,Hydrochus jiawanae,894737
Insecta,Coleoptera,Hydrochidae,Hydrochus,Hydrochus rugosus,887197
Insecta,Coleoptera,Hydrochidae,Hydrochus,Hydrochus schereri,894739
Insecta,Coleoptera,Hydrochidae,Hydrochus,Hydrochus vagus,1460503
Arachnida,Trombidiformes,Hydrodromidae,Hydrodroma,Hydrodroma despiciens,262582
Arachnida,Mesostigmata,Ologamasidae,Hydrogamasus,Hydrogamasus littoralis,1357748
Insecta,Hemiptera,Hydrometridae,Hydrometra,Hydrometra stagnorum,327185
Insecta,Trichoptera,Hydropsychidae,Hydropsyche,Hydropsyche aerata,221694
Insecta,Trichoptera,Hydropsychidae,Hydropsyche,Hydropsyche exocellata,1115664
Insecta,Coleoptera,Hydroscaphidae,Hydroscapha,Hydroscapha granulum,1231348
Insecta,Coleoptera,Hygrobiidae,Hygrobia,Hygrobia hermanni,547330
Entognatha,Poduromorpha,Hypogastruridae,Hypogastrura,Hypogastrura harveyi,489436
Entognatha,Poduromorpha,Hypogastruridae,Hypogastrura,Hypogastrura manubrialis,261702
Entognatha,Poduromorpha,Hypogastruridae,Hypogastrura,Hypogastrura nivicola,125613
Entognatha,Poduromorpha,Hypogastruridae,Hypogastrura,Hypogastrura viatica,207917
Insecta,Hymenoptera,Ibaliidae,Ibalia,Ibalia anceps,470470
Insecta,Hymenoptera,Ibaliidae,Ibalia,Ibalia leucospoides,209083
Insecta,Hemiptera,Monophlebidae,Icerya,Icerya purchasi,60921
Insecta,Hemiptera,Naucoridae,Ilyocoris,Ilyocoris cimicoides,358327
Branchiopoda,Anomopoda,Ilyocryptidae,Ilyocryptus,Ilyocryptus sordidus,338149
Branchiopoda,Spinicaudata,Limnadiidae,Imnadia,Imnadia yeyetta,1076475
Insecta,Lepidoptera,Incurvariidae,Incurvaria,Incurvaria masculella,205344
Insecta,Lepidoptera,Meessiidae,Infurcitinea,Infurcitinea atrifasciella,468456
Arachnida,Mesostigmata,Eviphididae,Iphidosoma,Iphidosoma fimetarium,1045716
Insecta,Mantodea,Eremiaphilidae,Iris,Iris oratoria,67437
Insecta,Hemiptera,Blissidae,Ischnodemus,Ischnodemus sabuleti,510323
Insecta,Odonata,Coenagrionidae,Ischnura,Ischnura elegans,61508
Arachnida,Opiliones,Ischyropsalididae,Ischyropsalis,Ischyropsalis luteipes,525948
Insecta,Hymenoptera,Ismaridae,Ismarus,Ismarus dorsiger,1368621
Insecta,Neuroptera,Berothidae,Isoscelipteron,Isoscelipteron glaserellum,557605
Insecta,Hemiptera,Issidae,Issus,Issus coleoptratus,141761
Arachnida,Ixodida,Ixodidae,Ixodes,Ixodes ricinus,51671
Entognatha,Poduromorpha,Onychiuridae,Kalaphorura,Kalaphorura burmeisteri,980857
Insecta,Blattodea,Kalotermitidae,Kalotermes,Kalotermes flavicollis,245870
Insecta,Hemiptera,Kermesidae,Kermes,Kermes roboris,737435
Insecta,Hemiptera,Lygaeidae,Kleidocerys,Kleidocerys resedae,261586
Branchiopoda,Anomopoda,Chydoridae,Kurzia,Kurzia latissima,157421
Branchiopoda,Anomopoda,Chydoridae,Kurzia,Kurzia polyspina,157418
Insecta,Coleoptera,Ptiliidae,Kuschelidium,Kuschelidium maori,391243
Insecta,Dermaptera,Labiduridae,Labidura,Labidura riparia,307026
Insecta,Psocodea,Lachesillidae,Lachesilla,Lachesilla nubilis,270878
Insecta,Psocodea,Lachesillidae,Lachesilla,Lachesilla pedicularia,270880
Insecta,Psocodea,Lachesillidae,Lachesilla,Lachesilla rena,270886
Insecta,Hymenoptera,Bethylidae,Laelius,Laelius pedatus,266302
Insecta,Coleoptera,Tenebrionidae,Lagria,Lagria hirta,324093
Insecta,Hymenoptera,Megaspilidae,Lagynodes,Lagynodes pallidus,1082188
Arachnida,Pseudoscorpiones,Chernetidae,Lamprochernes,Lamprochernes nodosus,205342
Insecta,Diptera,Vermileonidae,Lampromyia,Lampromyia funebris,465722
Insecta,Diptera,Vermileonidae,Lampromyia,Lampromyia iberica,625252
Insecta,Lepidoptera,Prodoxidae,Lampronia,Lampronia rupella,548965
Insecta,Coleoptera,Lampyridae,Lampyris,Lampyris noctiluca,143617
Insecta,Coleoptera,Ptinidae,Lasioderma,Lasioderma serricorne,47493
Insecta,Hymenoptera,Formicidae,Lasius,Lasius fuliginosus,124150
Branchiopoda,Anomopoda,Macrothricidae,Lathonura,Lathonura rectirostris,1110969
Insecta,Diptera,Mycetophilidae,Leia,Leia varia,367226
Arachnida,Opiliones,Sclerosomatidae,Leiobunum,Leiobunum rotundum,154449
Insecta,Lepidoptera,Brahmaeidae,Lemonia,Lemonia dumi,578767
Insecta,Hemiptera,Diaspididae,Lepidosaphes,Lepidosaphes ulmi,391478
Insecta,Trichoptera,Lepidostomatidae,Lepidostoma,Lepidostoma hirtum,208049
Insecta,Zygentoma,Lepismatidae,Lepisma,Lepisma chlorosoma,1158040
Branchiopoda,Spinicaudata,Leptestheriidae,Leptestheria,Leptestheria compleximanus,223406
Branchiopoda,Spinicaudata,Leptestheriidae,Leptestheria,Leptestheria dahalacensis,1078078
Branchiopoda,Haplopoda,Leptodoridae,Leptodora,Leptodora kindtii,1019939
Insecta,Diptera,Milichiidae,Leptometopa,Leptometopa latipes,672699
Insecta,Siphonaptera,Leptopsyllidae,Leptopsylla,Leptopsylla segnis,307814
Insecta,Hemiptera,Leptopodidae,Leptopus,Leptopus marmoratus,521452
Hexanauplia,Cyclopoida,Lernaeidae,Lernaea,Lernaea cyprinacea,739842
Insecta,Hymenoptera,Leucospidae,Leucospis,Leucospis dorsigera,466441
Insecta,Plecoptera,Leuctridae,Leuctra,Leuctra alpina,498586
Insecta,Plecoptera,Leuctridae,Leuctra,Leuctra berthelemyi,531604
Insecta,Plecoptera,Leuctridae,Leuctra,Leuctra fusca,498591
Insecta,Plecoptera,Leuctridae,Leuctra,Leuctra geniculata,482069
Insecta,Plecoptera,Leuctridae,Leuctra,Leuctra hippopus,498597
Insecta,Plecoptera,Leuctridae,Leuctra,Leuctra inermis,498592
Insecta,Plecoptera,Leuctridae,Leuctra,Leuctra nigra,1371386
Insecta,Odonata,Libellulidae,Libellula,Libellula quadrimaculata,57443
Insecta,Hemiptera,Coccidae,Lichtensia,Lichtensia viburni,636852
Malacostraca,Isopoda,Ligiidae,Ligia,Ligia oceanica,55356
Branchiopoda,Spinicaudata,Limnadiidae,Limnadia,Limnadia lenticularis,223679
Insecta,Lepidoptera,Cosmopterigidae,Limnaecia,Limnaecia phragmitella,223680
Arachnida,Trombidiformes,Limnocharidae,Limnochares,Limnochares americana,297249
Arachnida,Trombidiformes,Limnocharidae,Limnochares,Limnochares aquatica,997134
Arachnida,Araneae,Liocranidae,Liocranum,Liocranum rupicola,468117
Insecta,Diptera,Cylindrotomidae,Liogma,Liogma nodicornis,1045423
Arachnida,Araneae,Phrurolithidae,Liophrurillus,Liophrurillus flavitarsis,559311
Insecta,Psocodea,Philopteridae,Lipeurus,Lipeurus caponis,330643
Insecta,Diptera,Hippoboscidae,Lipoptena,Lipoptena cervi,130393
Insecta,Psocodea,Liposcelididae,Liposcelis,Liposcelis bostrychophila,270921
Insecta,Psocodea,Liposcelididae,Liposcelis,Liposcelis meridionalis,1337953
Malacostraca,Isopoda,Asellidae,Lirceolus,Lirceolus pilus,171768
Chilopoda,Lithobiomorpha,Lithobiidae,Lithobius,Lithobius forficatus,122234
Insecta,Hymenoptera,Mymaridae,Litus,Litus cynipseus,1423033
Insecta,Hemiptera,Liviidae,Livia,Livia junci,207530
Insecta,Psocodea,Pseudocaeciliidae,Lobocaecilius,Lobocaecilius monicus,410687
Insecta,Coleoptera,Prionoceridae,Lobonyx,Lobonyx aeneus,470093
Insecta,Neuroptera,Berothidae,Lomamyia,Lomamyia flavicornis,224097
Insecta,Diptera,Lonchopteridae,Lonchoptera,Lonchoptera bifurcata,203415
Diplopoda,Polyxenida,Lophoproctidae,Lophoproctus,Lophoproctus lucidus,1351725
Insecta,Hemiptera,Microphysidae,Loricula,Loricula elegantula,451684
Insecta,Diptera,Sphaeroceridae,Lotophila,Lotophila atra,922447
Arachnida,Araneae,Sicariidae,Loxosceles,Loxosceles rufescens,151792
Insecta,Coleoptera,Lucanidae,Lucanus,Lucanus cervus,61749
Insecta,Diptera,Calliphoridae,Lucilia,Lucilia sericata,128824
Insecta,Hemiptera,Lyctocoridae,Lyctocoris,Lyctocoris campestris,410306
Insecta,Hemiptera,Lyctocoridae,Lyctocoris,Lyctocoris dimidiatus,887504
Insecta,Coleoptera,Lycidae,Lygistopterus,Lygistopterus sanguineus,501467
Insecta,Lepidoptera,Erebidae,Lymantria,Lymantria dispar,47802
Insecta,Coleoptera,Lymexylidae,Lymexylon,Lymexylon navale,500403
Branchiopoda,Laevicaudata,Lynceidae,Lynceus,Lynceus brachyurus,122267
Insecta,Lepidoptera,Lyonetiidae,Lyonetia,Lyonetia clerkella,207527
Insecta,Archaeognatha,Meinertellidae,Machilinus,Machilinus rupestris,903515
Insecta,Archaeognatha,Meinertellidae,Machiloides,Machiloides banksi,372650
Insecta,Diptera,Keroplatidae,Macrocera,Macrocera phalerata,712462
Arachnida,Mesostigmata,Macrochelidae,Macrocheles,Macrocheles muscaedomesticae,263399
Hexanauplia,Cyclopoida,Cyclopidae,Macrocyclops,Macrocyclops albidus,334846
Insecta,Lepidoptera,Sphingidae,Macroglossum,Macroglossum stellatarum,56293
Insecta,Odonata,Macromiidae,Macromia,Macromia splendens,105048
Insecta,Coleoptera,Elmidae,Macronychus,Macronychus glabratus,224313
Insecta,Coleoptera,Elmidae,Macronychus,Macronychus quadrituberculatus,504160
Branchiopoda,Anomopoda,Macrothricidae,Macrothrix,Macrothrix hirsuticornis,483852
Branchiopoda,Anomopoda,Macrothricidae,Macrothrix,Macrothrix laticornis,483851
Insecta,Lepidoptera,Lasiocampidae,Macrothylacia,Macrothylacia rubi,127506
Insecta,Hymenoptera,Xyelidae,Macroxyela,Macroxyela ferruginea,849787
Insecta,Diptera,Milichiidae,Madiza,Madiza glabra,1122100
Insecta,Coleoptera,Melyridae,Malachius,Malachius bipustulatus,326491
Insecta,Hymenoptera,Scelionidae,Mantibaria,Mantibaria seefelderiana,625964
Insecta,Mantodea,Mantidae,Mantis,Mantis religiosa,53905
Insecta,Neuroptera,Mantispidae,Mantispa,Mantispa styriaca,338651
Insecta,Diptera,Helcomyzidae,Maorimyia,Maorimyia bipunctata,409964
Hexanauplia,Harpacticoida,Canthocamptidae,Maraenobiotus,Maraenobiotus supermario,1154321
Insecta,Hemiptera,Marchalinidae,Marchalina,Marchalina hellenica,447672
Insecta,Coleoptera,Megalopodidae,Mastostethus,Mastostethus novemmaculatus,272117
Insecta,Hymenoptera,Megalodontesidae,Megalodontes,Megalodontes cephalotes,337733
Malacostraca,Amphipoda,Talitridae,Megalorchestia,Megalorchestia californiana,63287
Entognatha,Neelipleona,Neelidae,Megalothorax,Megalothorax minimus,203388
Insecta,Diptera,Megamerinidae,Megamerina,Megamerina dolium,511381
Insecta,Diptera,Phoridae,Megaselia,Megaselia rufipes,392352
Insecta,Diptera,Phoridae,Megaselia,Megaselia scalaris,329926
Insecta,Hymenoptera,Megastigmidae,Megastigmus,Megastigmus aculeatus,319502
Insecta,Hymenoptera,Megastigmidae,Megastigmus,Megastigmus pistaciae,1083558
Insecta,Hymenoptera,Xyelidae,Megaxyela,Megaxyela pulchra,748310
Insecta,Hemiptera,Ochteridae,Megochterus,Megochterus nasutus,623363
Insecta,Diptera,Rhinophoridae,Melanophora,Melanophora roralis,342608
Insecta,Thysanoptera,Melanthripidae,Melanthrips,Melanthrips fuscus,917202
Insecta,Coleoptera,Eucnemidae,Melasis,Melasis buprestoides,709180
Insecta,Coleoptera,Meloidae,Meloe,Meloe proscarabaeus,82109
Insecta,Psocodea,Pseudocaeciliidae,Mepleres,Mepleres watti,332395
Insecta,Hymenoptera,Thynnidae,Meria,Meria tripunctata,465445
Insecta,Hemiptera,Hebridae,Merragata,Merragata hebroides,244466
Insecta,Diptera,Muscidae,Mesembrina,Mesembrina meridiana,333502
Hexanauplia,Cyclopoida,Cyclopidae,Mesocyclops,Mesocyclops edax,203387
Insecta,Hymenoptera,Pteromalidae,Mesopolobus,Mesopolobus tibialis,558690
Insecta,Psocodea,Mesopsocidae,Mesopsocus,Mesopsocus fuscifrons,1308091
Hexanauplia,Harpacticoida,Canthocamptidae,Mesopsyllus,Mesopsyllus glacialis,1234466
Insecta,Hemiptera,Mesoveliidae,Mesovelia,Mesovelia furcata,949036
Insecta,Hymenoptera,Encyrtidae,Metaphycus,Metaphycus maculipennis,299903
Insecta,Hemiptera,Berytidae,Metatropis,Metatropis rufescens,451781
Arachnida,Araneae,Tetragnathidae,Metellina,Metellina merianae,437909
Insecta,Coleoptera,Ripiphoridae,Metoecus,Metoecus paradoxus,131825
Insecta,Psocodea,Psocidae,Metylophorus,Metylophorus nebulosus,210299
Insecta,Lepidoptera,Gelechiidae,Metzneria,Metzneria lappella,118556
Insecta,Coleoptera,Scirtidae,Microcara,Microcara testacea,549960
Arachnida,Araneae,Mysmenidae,Microdipoena,Microdipoena guttata,225114
Arachnida,Araneae,Mysmenidae,Microdipoena,Microdipoena jobi,789022
Arachnida,Araneae,Mysmenidae,Microdipoena,Microdipoena ogatai,821922
Arachnida,Araneae,Sparassidae,Micrommata,Micrommata virescens,121766
Insecta,Neuroptera,Hemerobiidae,Micromus,Micromus variegatus,364111
Insecta,Hemiptera,Micronectidae,Micronecta,Micronecta ludibunda,902200
Insecta,Hemiptera,Micronectidae,Micronecta,Micronecta scholtzi,123942
Insecta,Diptera,Micropezidae,Micropeza,Micropeza corrigiolata,486982
Insecta,Coleoptera,Anamorphidae,Micropsephodes,Micropsephodes lundgreni,1298759
Insecta,Lepidoptera,Micropterigidae,Micropterix,Micropterix calthella,344870
Insecta,Hemiptera,Veliidae,Microvelia,Microvelia reticulata,886234
Insecta,Diptera,Cecidomyiidae,Mikiola,Mikiola fagi,244644
Insecta,Diptera,Milichiidae,Milichia,Milichia canariensis,1154852
Insecta,Diptera,Milichiidae,Milichia,Milichia speciosa,462166
Insecta,Lepidoptera,Millieriidae,Millieria,Millieria dolosalis,875806
Insecta,Diptera,Lauxaniidae,Minettia,Minettia longipennis,356403
Arachnida,Pseudoscorpiones,Chernetidae,Mirochernes,Mirochernes dentatus,555542
Arachnida,Araneae,Thomisidae,Misumena,Misumena vatia,55746
Branchiopoda,Anomopoda,Moinidae,Moina,Moina brachiata,483836
Insecta,Trichoptera,Molannidae,Molanna,Molanna angustata,520746
Insecta,Trichoptera,Molannidae,Molanna,Molanna flavicornis,225194
Insecta,Trichoptera,Molannidae,Molanna,Molanna moesta,1261123
Insecta,Trichoptera,Molannidae,Molannodes,Molannodes tinctus,225198
Insecta,Lepidoptera,Momphidae,Mompha,Mompha subbistrigella,320101
Insecta,Hymenoptera,Torymidae,Monodontomerus,Monodontomerus obscurus,962054
Insecta,Hymenoptera,Torymidae,Monodontomerus,Monodontomerus thorpi,335718
Insecta,Lepidoptera,Tineidae,Monopis,Monopis crocicapitella,225223
Hexanauplia,Harpacticoida,Canthocamptidae,Moraria,Moraria duthiei,1075683
Insecta,Coleoptera,Mordellidae,Mordellochroa,Mordellochroa abdominalis,496687
Insecta,Diptera,Anthomyzidae,Mumetopia,Mumetopia occipitalis,329766
Insecta,Hymenoptera,Mutillidae,Mutilla,Mutilla europaea,555495
Insecta,Coleoptera,Mycetaeidae,Mycetaea,Mycetaea subterranea,225311
Insecta,Diptera,Piophilidae,Mycetaulus,Mycetaulus bipunctatus,371928
Insecta,Coleoptera,Mycetophagidae,Mycetophagus,Mycetophagus quadripustulatus,712159
Insecta,Diptera,Mycetophilidae,Mycetophila,Mycetophila fagi,380317
Insecta,Diptera,Mycetophilidae,Mycetophila,Mycetophila filicornis,380316
Insecta,Coleoptera,Mycteridae,Mycterus,Mycterus curculioides,470347
Insecta,Psocodea,Myopsocidae,Myopsocus,Myopsocus eatoni,425406
Insecta,Orthoptera,Myrmecophilidae,Myrmecophilus,Myrmecophilus acervorum,48612
Insecta,Hymenoptera,Myrmosidae,Myrmosa,Myrmosa atra,127810
Insecta,Psocodea,Menoponidae,Myrsidea,Myrsidea cornicis,1483510
Insecta,Psocodea,Menoponidae,Myrsidea,Myrsidea ivanliteraki,498518
Arachnida,Araneae,Mysmenidae,Mysmena,Mysmena leucoplagiata,786709
Insecta,Trichoptera,Leptoceridae,Mystacides,Mystacides longicornis,326757
Insecta,Hymenoptera,Thynnidae,Myzinum,Myzinum carolinianum,136434
Diplopoda,Chordeumatida,Craspedosomatidae,Nanogona,Nanogona polydesmoides,336978
Insecta,Hemiptera,Kermesidae,Nanokermes,Nanokermes pubescens,119268
Insecta,Hymenoptera,Pteromalidae,Nasonia,Nasonia vitripennis,125446
Insecta,Hemiptera,Tropiduchidae,Neaethus,Neaethus maculatus,317546
Insecta,Hemiptera,Tropiduchidae,Neaethus,Neaethus similis,317544
Insecta,Coleoptera,Agyrtidae,Necrophilus,Necrophilus hydrophiloides,176866
Entognatha,Neelipleona,Neelidae,Neelus,Neelus murinus,261683
Diplopoda,Julida,Nemasomatidae,Nemasoma,Nemasoma varicorne,337012
Arachnida,Opiliones,Nemastomatidae,Nemastoma,Nemastoma bimaculatum,451367
Arachnida,Araneae,Nemesiidae,Nemesia,Nemesia simoni,786720
Insecta,Orthoptera,Trigonidiidae,Nemobius,Nemobius sylvestris,362296
Insecta,Diptera,Sepsidae,Nemopoda,Nemopoda nitidula,70137
Insecta,Neuroptera,Nemopteridae,Nemoptera,Nemoptera bipennis,343354
Insecta,Plecoptera,Nemouridae,Nemurella,Nemurella pictetii,460535
Arachnida,Pseudoscorpiones,Neobisiidae,Neobisium,Neobisium carcinoides,490815
Insecta,Coleoptera,Ochodaeidae,Neochodaeus,Neochodaeus frontalis,301788
Insecta,Coleoptera,Ochodaeidae,Neochodaeus,Neochodaeus praesidii,267211
Insecta,Neuroptera,Coniopterygidae,Neoconis,Neoconis marginata,307994
Insecta,Hymenoptera,Encyrtidae,Neodusmetia,Neodusmetia sangwani,264756
Insecta,Lepidoptera,Heliodinidae,Neoheliodines,Neoheliodines cliffordi,82518
Arachnida,Trombidiformes,Bdellidae,Neomolgus,Neomolgus littoralis,120956
Entognatha,Poduromorpha,Tullbergiidae,Neonaphorura,Neonaphorura duboscqi,1010289
Insecta,Hemiptera,Nepidae,Nepa,Nepa cinerea,133020
Insecta,Diptera,Pipunculidae,Nephrocerus,Nephrocerus scutellatus,1028702
Arachnida,Araneae,Linyphiidae,Neriene,Neriene radiata,225815
Insecta,Diptera,Ditomyiidae,Nervijuncta,Nervijuncta wakefieldi,393326
Arachnida,Araneae,Nesticidae,Nesticus,Nesticus cellulanus,225916
Insecta,Hymenoptera,Diparidae,Netomocera,Netomocera meridionalis,1458310
Insecta,Trichoptera,Polycentropodidae,Neureclipsis,Neureclipsis bimaculata,225935
Insecta,Hymenoptera,Diapriidae,Neurogalesus,Neurogalesus carinatus,429847
Insecta,Hymenoptera,Pamphiliidae,Neurotoma,Neurotoma saltuum,734712
Insecta,Lepidoptera,Brachodidae,Nigilgia,Nigilgia anactis,124127
Arachnida,Araneae,Dictynidae,Nigma,Nigma walckenaeri,84521
Insecta,Diptera,Ceratopogonidae,Nilobezzia,Nilobezzia schwarzii,259330
Malacostraca,Amphipoda,Niphargidae,Niphargus,Niphargus vandeli,1504781
Insecta,Lepidoptera,Noctuidae,Noctua,Noctua pronuba,81687
Insecta,Coleoptera,Nosodendridae,Nosodendron,Nosodendron fasciculare,1045626
Insecta,Coleoptera,Nosodendridae,Nosodendron,Nosodendron unicolor,225998
Insecta,Coleoptera,Noteridae,Noterus,Noterus clavicornis,547326
Insecta,Diptera,Dixidae,Nothodixa,Nothodixa philpotti,393462
Insecta,Hemiptera,Notonectidae,Notonecta,Notonecta glauca,56554
Insecta,Coleoptera,Sphindidae,Notosphindus,Notosphindus slateri,1027107
Insecta,Coleoptera,Anthicidae,Notoxus,Notoxus monoceros,131885
Arachnida,Araneae,Titanoecidae,Nurscia,Nurscia albomaculata,557066
Insecta,Diptera,Sarcophagidae,Nyctia,Nyctia halterata,326632
Insecta,Lepidoptera,Hesperiidae,Ochlodes,Ochlodes sylvanus,61781
Insecta,Coleoptera,Ochodaeidae,Ochodaeus,Ochodaeus chrysomeloides,1086497
Insecta,Hemiptera,Ochteridae,Ochterus,Ochterus banksi,430403
Insecta,Hemiptera,Ochteridae,Ochterus,Ochterus marginatus,469904
Insecta,Hemiptera,Ochteridae,Ochterus,Ochterus perbosci,1429549
Insecta,Coleoptera,Hydraenidae,Ochthebius,Ochthebius minimus,1004071
Diplopoda,Polyzoniida,Hirudisomatidae,Octoglena,Octoglena bivirgatum,154910
Insecta,Coleoptera,Ciidae,Octotemnus,Octotemnus glabriculus,546312
Insecta,Hemiptera,Ochteridae,Ocyochterus,Ocyochterus victor,1396615
Insecta,Coleoptera,Staphylinidae,Ocypus,Ocypus olens,53869
Insecta,Diptera,Odiniidae,Odinia,Odinia meijerei,1200550
Insecta,Trichoptera,Odontoceridae,Odontocerum,Odontocerum albicorne,416811
Insecta,Coleoptera,Sphindidae,Odontosphindus,Odontosphindus denticollis,226212
Insecta,Orthoptera,Oecanthidae,Oecanthus,Oecanthus pellucens,332307
Arachnida,Araneae,Oecobiidae,Oecobius,Oecobius navus,226250
Insecta,Coleoptera,Oedemeridae,Oedemera,Oedemera nobilis,61844
Insecta,Lepidoptera,Autostichidae,Oegoconia,Oegoconia novimundi,321374
Hexanauplia,Cyclopoida,Oithonidae,Oithona,Oithona similis,203469
Insecta,Coleoptera,Phalacridae,Olibrus,Olibrus aeneus,132032
Insecta,Coleoptera,Phalacridae,Olibrus,Olibrus affinis,131891
Insecta,Coleoptera,Phalacridae,Olibrus,Olibrus bicolor,606942
Insecta,Ephemeroptera,Oligoneuriidae,Oligoneuriella,Oligoneuriella rhenana,570735
Insecta,Trichoptera,Phryganeidae,Oligotricha,Oligotricha striata,454883
Insecta,Hemiptera,Kermesidae,Olliffiella,Olliffiella cristicola,768215
Arachnida,Pseudoscorpiones,Olpiidae,Olpium,Olpium pallipes,917014
Insecta,Coleoptera,Omalisidae,Omalisus,Omalisus fontisbellaquei,548785
Diplopoda,Julida,Julidae,Ommatoiulus,Ommatoiulus sabulosus,205191
Insecta,Coleoptera,Rhysodidae,Omoglymmius,Omoglymmius americanus,226379
Malacostraca,Isopoda,Oniscidae,Oniscus,Oniscus asellus,48284
Insecta,Odonata,Gomphidae,Onychogomphus,Onychogomphus forcipatus,132663
Insecta,Hymenoptera,Ooderidae,Oodera,Oodera formosa,1076527
Arachnida,Araneae,Oonopidae,Oonops,Oonops domesticus,416684
Arachnida,Araneae,Oonopidae,Oonops,Oonops pulcher,318913
Insecta,Diptera,Opetiidae,Opetia,Opetia nigra,625523
Diplopoda,Polydesmida,Macrosternodesmidae,Ophiodesmus,Ophiodesmus albonanus,336993
Insecta,Hymenoptera,Eucharitidae,Orasema,Orasema tolteca,299078
Entognatha,Entomobryomorpha,Entomobryidae,Orchesella,Orchesella cincta,132308
Insecta,Coleoptera,Gyrinidae,Orectochilus,Orectochilus villosus,483641
Diplopoda,Julida,Nemasomatidae,Orinisobates,Orinisobates expressus,154927
Diplopoda,Julida,Nemasomatidae,Orinisobates,Orinisobates sibiricus,1435741
Insecta,Hymenoptera,Ormyridae,Ormyrus,Ormyrus nitidula,451471
Insecta,Hymenoptera,Ormyridae,Ormyrus,Ormyrus pomaceus,964650
Arachnida,Ixodida,Argasidae,Ornithodoros,Ornithodoros coriaceus,297817
Insecta,Thysanoptera,Aeolothripidae,Orothrips,Orothrips kelloggi,506264
Insecta,Thysanoptera,Aeolothripidae,Orothrips,Orothrips yosemitii,1473226
Insecta,Coleoptera,Orsodacnidae,Orsodacne,Orsodacne cerasi,176239
Insecta,Hemiptera,Ortheziidae,Orthezia,Orthezia urticae,554438
Insecta,Coleoptera,Ciidae,Orthocis,Orthocis alni,176229
Insecta,Hymenoptera,Trigonalidae,Orthogonalys,Orthogonalys pulchella,495349
Malacostraca,Isopoda,Agnaridae,Orthometopon,Orthometopon planum,544096
Insecta,Coleoptera,Corylophidae,Orthoperus,Orthoperus scutellaris,203348
Insecta,Hymenoptera,Orussidae,Orussus,Orussus abietinus,856314
Insecta,Neuroptera,Osmylidae,Osmylus,Osmylus fulvicephalus,520505
Insecta,Coleoptera,Melandryidae,Osphya,Osphya bipunctata,176258
Insecta,Coleoptera,Elmidae,Oulimnius,Oulimnius troglodytes,176296
Insecta,Hemiptera,Oxycarenidae,Oxycarenus,Oxycarenus lavaterae,209661
Insecta,Coleoptera,Teredidae,Oxylaemus,Oxylaemus americanus,1084868
Insecta,Coleoptera,Teredidae,Oxylaemus,Oxylaemus californicus,455149
Insecta,Coleoptera,Teredidae,Oxylaemus,Oxylaemus variolosus,1047411
Arachnida,Araneae,Oxyopidae,Oxyopes,Oxyopes heterophthalmus,326355
Insecta,Coleoptera,Scarabaeidae,Oxythyrea,Oxythyrea funesta,68328
Insecta,Hemiptera,Monophlebidae,Palaeococcus,Palaeococcus fuscipennis,522347
Insecta,Diptera,Pallopteridae,Palloptera,Palloptera umbellatarum,497155
Insecta,Hemiptera,Pentatomidae,Palomena,Palomena prasina,62060
Insecta,Mecoptera,Panorpidae,Panorpa,Panorpa communis,51699
Insecta,Lepidoptera,Papilionidae,Papilio,Papilio machaon,56529
Arachnida,Pseudoscorpiones,Chernetidae,Parachernes,Parachernes melanopygus,262519
Insecta,Psocodea,Philopteridae,Paraclisis,Paraclisis miriceps,330645
Hexanauplia,Cyclopoida,Cyclopidae,Paracyclops,Paracyclops fimbriatus,226964
Insecta,Raphidioptera,Inocelliidae,Parainocellia,Parainocellia bicolor,494353
Insecta,Diptera,Ragadidae,Paraiteaphila,Paraiteaphila italica,1498621
Arachnida,Araneae,Leptonetidae,Paraleptoneta,Paraleptoneta spinimana,805004
Insecta,Ephemeroptera,Leptophlebiidae,Paraleptophlebia,Paraleptophlebia submarginata,482038
Arachnida,Pseudoscorpiones,Chthoniidae,Paraliochthonius,Paraliochthonius superstes,1029380
Arachnida,Mesostigmata,Parasitidae,Parasitellus,Parasitellus fucorum,566178
Arachnida,Trombidiformes,Anystidae,Paratarsotomus,Paratarsotomus macropalpis,788190
Arachnida,Pseudoscorpiones,Atemnidae,Paratemnoides,Paratemnoides nidificator,900156
Insecta,Coleoptera,Ochodaeidae,Parochodaeus,Parochodaeus biarmatus,267207
Pauropoda,Tetramerocerata,Pauropodidae,Pauropus,Pauropus huxleyi,394658
Insecta,Psocodea,Philopteridae,Pectinopygus,Pectinopygus occidentalis,227336
Insecta,Diptera,Pediciidae,Pedicia,Pedicia rivosa,70401
Insecta,Psocodea,Pediculidae,Pediculus,Pediculus humanus,321532
Insecta,Diptera,Phaeomyiidae,Pelidnoptera,Pelidnoptera nigripennis,326636
Insecta,Hemiptera,Tropiduchidae,Pelitropis,Pelitropis rotulata,362395
Insecta,Coleoptera,Limnichidae,Pelochares,Pelochares versicolor,1123175
Insecta,Coleoptera,Peltidae,Peltis,Peltis ferruginea,540980
Insecta,Coleoptera,Haliplidae,Peltodytes,Peltodytes caesus,624420
Insecta,Coleoptera,Haliplidae,Peltodytes,Peltodytes duodecimpunctatus,203322
Insecta,Diptera,Nycteribiidae,Penicillidia,Penicillidia conspicua,1205835
Branchiopoda,Ctenopoda,Sididae,Penilia,Penilia avirostris,472067
Arachnida,Trombidiformes,Penthaleidae,Penthaleus,Penthaleus major,297453
Insecta,Lepidoptera,Geometridae,Peribatodes,Peribatodes rhomboidaria,83459
Insecta,Hymenoptera,Perilampidae,Perilampus,Perilampus aeneus,703175
Insecta,Psocodea,Peripsocidae,Peripsocus,Peripsocus subfasciatus,308174
Insecta,Plecoptera,Perlidae,Perla,Perla marginata,503857
Insecta,Mantodea,Amorphoscelidae,Perlamantis,Perlamantis alliberti,341628
Insecta,Plecoptera,Perlodidae,Perlodes,Perlodes microcephalus,504993
Insecta,Diptera,Cylindrotomidae,Phalacrocera,Phalacrocera replicata,522061
Arachnida,Opiliones,Phalangiidae,Phalangium,Phalangium opilio,84644
Insecta,Lepidoptera,Notodontidae,Phalera,Phalera bucephala,55361
Insecta,Hymenoptera,Proctotrupidae,Phaneroserphus,Phaneroserphus calcar,1016216
Insecta,Lepidoptera,Epermeniidae,Phaulernis,Phaulernis dentella,524652
Insecta,Hemiptera,Pseudococcidae,Phenacoccus,Phenacoccus aceris,60938
Insecta,Hemiptera,Aphrophoridae,Philaenus,Philaenus spumarius,56189
Insecta,Hymenoptera,Crabronidae,Philanthus,Philanthus triangulum,143529
Arachnida,Araneae,Philodromidae,Philodromus,Philodromus dispar,227754
Malacostraca,Isopoda,Philosciidae,Philoscia,Philoscia muscorum,48292
Insecta,Coleoptera,Phloiophilidae,Phloiophilus,Phloiophilus edwardsii,865359
Insecta,Lepidoptera,Millieriidae,Phormoestes,Phormoestes palmettovora,512420
Insecta,Coleoptera,Silphidae,Phosphuga,Phosphuga atrata,362281
Insecta,Diptera,Nycteribiidae,Phthiridium,Phthiridium torresi,909116
Insecta,Trichoptera,Calamoceratidae,Phylloicus,Phylloicus aeneus,227933
Insecta,Diptera,Ulidiidae,Physiphora,Physiphora alceae,334334
Insecta,Diptera,Agromyzidae,Phytomyza,Phytomyza ilicis,69629
Arachnida,Sarcoptiformes,Phytoptidae,Phytoptus,Phytoptus avellanae,55560
Insecta,Lepidoptera,Pieridae,Pieris,Pieris rapae,55626
Insecta,Hemiptera,Piesmatidae,Piesma,Piesma maculatum,631042
Insecta,Phasmida,Diapheromeridae,Pijnackeria,Pijnackeria masettii,747874
Arachnida,Araneae,Pimoidae,Pimoa,Pimoa altioculata,228139
Arachnida,Araneae,Pimoidae,Pimoa,Pimoa rupicola,484769
Insecta,Diptera,Piophilidae,Piophila,Piophila casei,326643
Arachnida,Araneae,Pisauridae,Pisaura,Pisaura mirabilis,55787
Insecta,Coleoptera,Laemophloeidae,Placonotus,Placonotus testaceus,549915
Malacostraca,Isopoda,Platyarthridae,Platyarthrus,Platyarthrus hoffmannseggii,205749
Insecta,Odonata,Platycnemididae,Platycnemis,Platycnemis pennipes,109650
Insecta,Hymenoptera,Tetracampidae,Platynocheilus,Platynocheilus cuprifrons,519334
Insecta,Diptera,Platystomatidae,Platystoma,Platystoma seminationis,62005
Insecta,Coleoptera,Anthribidae,Platystomos,Platystomos albinus,317906
Insecta,Hemiptera,Pleidae,Plea,Plea minutissima,490806
Insecta,Hymenoptera,Agaonidae,Pleistodontes,Pleistodontes froggatti,395333
Branchiopoda,Anomopoda,Chydoridae,Pleuroxus,Pleuroxus aduncus,483920
Insecta,Plecoptera,Chloroperlidae,Plumiperla,Plumiperla diversa,228417
Entognatha,Diplura,Campodeidae,Plusiocampa,Plusiocampa hoffmanni,1183913
Entognatha,Diplura,Campodeidae,Plusiocampa,Plusiocampa strouhali,1149718
Insecta,Lepidoptera,Plutellidae,Plutella,Plutella xylostella,126765
Insecta,Hymenoptera,Torymidae,Podagrion,Podagrion crassiclava,264553
Insecta,Hymenoptera,Torymidae,Podagrion,Podagrion mantidiphagum,264554
Insecta,Hymenoptera,Torymidae,Podagrion,Podagrion mantis,264555
Entognatha,Poduromorpha,Poduridae,Podura,Podura aquatica,207912
Insecta,Diptera,Dolichopodidae,Poecilobothrus,Poecilobothrus nobilitatus,451398
Arachnida,Mesostigmata,Parasitidae,Poecilochirus,Poecilochirus necrophori,85388
Insecta,Hymenoptera,Vespidae,Polistes,Polistes dominula,84640
Insecta,Diptera,Polleniidae,Pollenia,Pollenia vagabunda,448298
Diplopoda,Polydesmida,Polydesmidae,Polydesmus,Polydesmus angustus,127612
Insecta,Coleoptera,Curculionidae,Polydrusus,Polydrusus formosus,494559
Insecta,Lepidoptera,Lycaenidae,Polyommatus,Polyommatus icarus,55641
Insecta,Diptera,Chironomidae,Polypedilum,Polypedilum nubifer,1102814
Branchiopoda,Onychopoda,Polyphemidae,Polyphemus,Polyphemus pediculus,483930
Insecta,Psocodea,Polyplacidae,Polyplax,Polyplax serrata,395500
Diplopoda,Polyxenida,Polyxenidae,Polyxenus,Polyxenus lagurus,133872
Diplopoda,Polyzoniida,Polyzoniidae,Polyzonium,Polyzonium germanicum,336995
Insecta,Coleoptera,Dryopidae,Pomatinus,Pomatinus substriatus,505411
Malacostraca,Isopoda,Porcellionidae,Porcellio,Porcellio scaber,122238
Insecta,Ephemeroptera,Potamanthidae,Potamanthus,Potamanthus luteus,781005
Insecta,Lepidoptera,Praydidae,Prays,Prays fraxinella,324792
Insecta,Psocodea,Prionoglarididae,Prionoglaris,Prionoglaris stygia,1021899
Insecta,Orthoptera,Pamphagidae,Prionotropis,Prionotropis azami,760202
Insecta,Hymenoptera,Aulacidae,Pristaulacus,Pristaulacus fasciatus,471670
Malacostraca,Isopoda,Asellidae,Proasellus,Proasellus meridianus,483954
Insecta,Diptera,Ceratopogonidae,Probezzia,Probezzia infuscata,478982
Insecta,Psocodea,Elipsocidae,Propsocus,Propsocus pulchripennis,141763
Insecta,Hymenoptera,Evaniidae,Prosevania,Prosevania fuscipes,476070
Insecta,Coleoptera,Prostomidae,Prostomis,Prostomis mandibularis,704734
Diplopoda,Glomerida,Protoglomeridae,Protoglomeris,Protoglomeris vasconica,1409260
Arachnida,Pseudoscorpiones,Chernetidae,Pselaphochernes,Pselaphochernes scorpioides,554551
Insecta,Psocodea,Pseudocaeciliidae,Pseudocaecilius,Pseudocaecilius citricola,271150
Insecta,Psocodea,Pseudocaeciliidae,Pseudocaecilius,Pseudocaecilius tahitiensis,271151
Insecta,Orthoptera,Acrididae,Pseudochorthippus,Pseudochorthippus parallelus,501625
Insecta,Hemiptera,Pseudococcidae,Pseudococcus,Pseudococcus longispinus,84805
Insecta,Hymenoptera,Trigonalidae,Pseudogonalos,Pseudogonalos hahnii,905036
Insecta,Lepidoptera,Opostegidae,Pseudopostega,Pseudopostega crepusculella,522492
Insecta,Diptera,Psilidae,Psila,Psila fimetaria,712461
Arachnida,Araneae,Pholcidae,Psilochorus,Psilochorus simoni,318908
Insecta,Lepidoptera,Psychidae,Psyche,Psyche casta,61413
Insecta,Hemiptera,Psyllidae,Psylla,Psylla buxi,207696
Insecta,Psocodea,Psyllipsocidae,Psyllipsocus,Psyllipsocus ramburii,229302
Insecta,Coleoptera,Ptiliidae,Ptenidium,Ptenidium pusillum,395962
Insecta,Lepidoptera,Pterolonchidae,Pterolonche,Pterolonche albescens,468566
Insecta,Lepidoptera,Pterolonchidae,Pterolonche,Pterolonche lutescentella,935938
Insecta,Lepidoptera,Pterolonchidae,Pterolonche,Pterolonche pulverulenta,805523
Insecta,Psocodea,Pthiridae,Pthirus,Pthirus pubis,395978
Insecta,Diptera,Ptychopteridae,Ptychoptera,Ptychoptera contaminata,418158
Insecta,Hemiptera,Coccidae,Pulvinaria,Pulvinaria regalis,59960
Insecta,Lepidoptera,Pyralidae,Pyralis,Pyralis farinalis,199870
Insecta,Orthoptera,Pyrgomorphidae,Pyrgomorpha,Pyrgomorpha conica,154231
Insecta,Coleoptera,Pyrochroidae,Pyrochroa,Pyrochroa serraticornis,61517
Insecta,Hemiptera,Pyrrhocoridae,Pyrrhocoris,Pyrrhocoris apterus,55610
Insecta,Coleoptera,Pythidae,Pytho,Pytho depressus,622770
Insecta,Hemiptera,Reduviidae,Reduvius,Reduvius personatus,56521
Insecta,Blattodea,Rhinotermitidae,Reticulitermes,Reticulitermes flavipes,119931
Insecta,Blattodea,Rhinotermitidae,Reticulitermes,Reticulitermes urbis,1425534
Insecta,Diptera,Rhagionidae,Rhagio,Rhagio tringarius,321826
Insecta,Coleoptera,Cantharidae,Rhagonycha,Rhagonycha fulva,62456
Insecta,Hemiptera,Aphalaridae,Rhinocola,Rhinocola aceris,207578
Insecta,Thysanoptera,Aeolothripidae,Rhipidothrips,Rhipidothrips gratiosus,704791
Insecta,Coleoptera,Monotomidae,Rhizophagus,Rhizophagus bipustulatus,484658
Insecta,Trichoptera,Rhyacophilidae,Rhyacophila,Rhyacophila aurata,1508240
Insecta,Trichoptera,Rhyacophilidae,Rhyacophila,Rhyacophila dorsalis,482050
Insecta,Trichoptera,Rhyacophilidae,Rhyacophila,Rhyacophila fasciata,546256
Insecta,Trichoptera,Rhyacophilidae,Rhyacophila,Rhyacophila nubila,471921
Insecta,Hemiptera,Rhyparochromidae,Rhyparochromus,Rhyparochromus vulgaris,141731
Insecta,Coleoptera,Rhysodidae,Rhysodes,Rhysodes sulcatus,945553
Arachnida,Araneae,Leptonetidae,Rhyssoleptoneta,Rhyssoleptoneta aosen,1252495
Arachnida,Trombidiformes,Ereynetidae,Riccardoella,Riccardoella oudemansi,297378
Insecta,Lepidoptera,Roeslerstammiidae,Roeslerstammia,Roeslerstammia erxlebella,499934
Insecta,Diptera,Mycetophilidae,Rondaniella,Rondaniella dimidiata,639211
Insecta,Coleoptera,Cerambycidae,Rutpela,Rutpela maculata,62321
Arachnida,Opiliones,Sabaconidae,Sabacon,Sabacon briggsi,525853
Arachnida,Opiliones,Sabaconidae,Sabacon,Sabacon cavicolens,230348
Arachnida,Opiliones,Sabaconidae,Sabacon,Sabacon imamurai,1081686
Arachnida,Opiliones,Sabaconidae,Sabacon,Sabacon makinoi,525988
Arachnida,Opiliones,Sabaconidae,Sabacon,Sabacon occidentalis,525643
Arachnida,Opiliones,Sabaconidae,Sabacon,Sabacon paradoxus,525959
Arachnida,Opiliones,Sabaconidae,Sabacon,Sabacon simoni,1516531
Arachnida,Opiliones,Sabaconidae,Sabacon,Sabacon siskiyou,525844
Arachnida,Opiliones,Sabaconidae,Sabacon,Sabacon viscayanus,1515194
Insecta,Psocodea,Philopteridae,Saemundssonia,Saemundssonia lari,330672
Insecta,Hemiptera,Saldidae,Saldula,Saldula saltatoria,318796
Hexanauplia,Siphonostomatoida,Lernaeopodidae,Salmincola,Salmincola edwardsii,424018
Insecta,Coleoptera,Salpingidae,Salpingus,Salpingus planirostris,541538
Arachnida,Araneae,Salticidae,Salticus,Salticus scenicus,68901
Insecta,Hymenoptera,Sapygidae,Sapygina,Sapygina decemguttata,502160
Insecta,Lepidoptera,Saturniidae,Saturnia,Saturnia pavonia,59346
Arachnida,Trombidiformes,Adamystidae,Saxidromus,Saxidromus delamarei,1205340
Branchiopoda,Anomopoda,Daphniidae,Scapholeberis,Scapholeberis mucronata,203493
Insecta,Diptera,Scathophagidae,Scathophaga,Scathophaga stercoraria,132718
Insecta,Diptera,Scatopsidae,Scatopse,Scatopse notata,230507
Insecta,Diptera,Scenopinidae,Scenopinus,Scenopinus fenestralis,707301
Chilopoda,Geophilomorpha,Schendylidae,Schendyla,Schendyla nemorensis,230519
Insecta,Lepidoptera,Schreckensteiniidae,Schreckensteinia,Schreckensteinia festaliella,345532
Insecta,Diptera,Sciaridae,Sciara,Sciara hemerobioides,334614
Insecta,Hymenoptera,Bethylidae,Sclerodermus,Sclerodermus macrogaster,266310
Insecta,Hymenoptera,Bethylidae,Sclerodermus,Sclerodermus niveifemur,424288
Insecta,Hymenoptera,Scoliidae,Scolia,Scolia hirta,131031
Chilopoda,Scolopendromorpha,Scolopendridae,Scolopendra,Scolopendra cingulata,128145
Arachnida,Opiliones,Phalangodidae,Scotolemon,Scotolemon doriae,1305691
Arachnida,Araneae,Gnaphosidae,Scotophaeus,Scotophaeus blackwalli,206295
Chilopoda,Scutigeromorpha,Scutigeridae,Scutigera,Scutigera coleoptrata,49552
Insecta,Lepidoptera,Scythrididae,Scythris,Scythris limbella,230748
Arachnida,Araneae,Scytodidae,Scytodes,Scytodes thoracica,57450
Arachnida,Araneae,Segestriidae,Segestria,Segestria florentina,320827
Arachnida,Araneae,Zodariidae,Selamia,Selamia reticulata,783872
Insecta,Thysanoptera,Thripidae,Selenothrips,Selenothrips rubrocinctus,271215
Insecta,Coleoptera,Rhadalidae,Semijulistus,Semijulistus ater,456985
Insecta,Coleoptera,Corylophidae,Sericoderus,Sericoderus lateralis,203329
Insecta,Trichoptera,Sericostomatidae,Sericostoma,Sericostoma personatum,451393
Insecta,Thysanoptera,Thripidae,Sericothrips,Sericothrips staphylinus,409097
Insecta,Ephemeroptera,Ephemerellidae,Serratella,Serratella ignita,416524
Insecta,Lepidoptera,Sesiidae,Sesia,Sesia apiformis,354819
Insecta,Megaloptera,Sialidae,Sialis,Sialis lutaria,319948
Insecta,Diptera,Conopidae,Sicus,Sicus ferrugineus,70175
Branchiopoda,Ctenopoda,Sididae,Sida,Sida crystallina,168927
Insecta,Hemiptera,Corixidae,Sigara,Sigara striata,624508
Insecta,Diptera,Lonchaeidae,Silba,Silba fumosa,1067653
Insecta,Diptera,Simuliidae,Simulium,Simulium aureum,875608
Insecta,Diptera,Simuliidae,Simulium,Simulium costatum,1200185
Insecta,Diptera,Simuliidae,Simulium,Simulium dugesi,258758
Insecta,Diptera,Simuliidae,Simulium,Simulium lineatum,541777
Insecta,Diptera,Simuliidae,Simulium,Simulium ornatum,521067
Insecta,Diptera,Simuliidae,Simulium,Simulium reptans,541774
Insecta,Diptera,Simuliidae,Simulium,Simulium vernum,542970
Insecta,Ephemeroptera,Siphlonuridae,Siphlonurus,Siphlonurus aestivalis,1016663
Insecta,Ephemeroptera,Siphlonuridae,Siphlonurus,Siphlonurus alternatus,231037
Insecta,Ephemeroptera,Siphlonuridae,Siphlonurus,Siphlonurus lacustris,1016662
Insecta,Ephemeroptera,Siphlonuridae,Siphlonurus,Siphlonurus lusoensis,1505588
Insecta,Ephemeroptera,Siphlonuridae,Siphlonurus,Siphlonurus mirus,231048
Insecta,Ephemeroptera,Siphlonuridae,Siphlonurus,Siphlonurus occidentalis,231049
Insecta,Ephemeroptera,Siphlonuridae,Siphlonurus,Siphlonurus quebecensis,231051
Insecta,Plecoptera,Chloroperlidae,Siphonoperla,Siphonoperla torrentium,451407
Arachnida,Opiliones,Sironidae,Siro,Siro rubens,525943
Insecta,Neuroptera,Sisyridae,Sisyra,Sisyra nigra,363245
Entognatha,Symphypleona,Sminthurididae,Sminthurides,Sminthurides aquaticus,296715
Entognatha,Symphypleona,Katiannidae,Sminthurinus,Sminthurinus elegans,296640
Insecta,Diptera,Xylomyidae,Solva,Solva marginata,624336
Insecta,Hymenoptera,Spalangiidae,Spalangia,Spalangia nigripes,628765
Insecta,Coleoptera,Spercheidae,Spercheus,Spercheus belli,953236
Insecta,Coleoptera,Spercheidae,Spercheus,Spercheus emarginatus,829395
Insecta,Coleoptera,Spercheidae,Spercheus,Spercheus hanseni,1150633
Insecta,Coleoptera,Spercheidae,Spercheus,Spercheus platycephalus,370283
Insecta,Coleoptera,Sphaeritidae,Sphaerites,Sphaerites glabratus,908311
Insecta,Coleoptera,Sphaeritidae,Sphaerites,Sphaerites politus,361545
Insecta,Diptera,Ceratopogonidae,Sphaeromias,Sphaeromias pictus,362640
Insecta,Coleoptera,Alexiidae,Sphaerosoma,Sphaerosoma pilosum,491919
Insecta,Coleoptera,Alexiidae,Sphaerosoma,Sphaerosoma quercus,1225956
Insecta,Hymenoptera,Sphecidae,Sphex,Sphex funerarius,466438
Insecta,Coleoptera,Sphindidae,Sphindus,Sphindus americanus,231383
Insecta,Coleoptera,Sphindidae,Sphindus,Sphindus dubius,1016872
Arachnida,Mesostigmata,Spinturnicidae,Spinturnix,Spinturnix andegavinus,1280350
Insecta,Lepidoptera,Stathmopodidae,Stathmopoda,Stathmopoda pedella,204720
Insecta,Diptera,Piophilidae,Stearibia,Stearibia nigriceps,343425
Arachnida,Araneae,Theridiidae,Steatoda,Steatoda nobilis,366894
Arachnida,Sarcoptiformes,Phthiracaridae,Steganacarus,Steganacarus magnus,955886
Malacostraca,Isopoda,Stenoniscidae,Stenoniscus,Stenoniscus pleonalis,329168
Insecta,Hymenoptera,Stephanidae,Stephanus,Stephanus serrator,735484
Insecta,Diptera,Cylindrotomidae,Stibadocerodes,Stibadocerodes zherikhini,855261
Insecta,Lepidoptera,Nepticulidae,Stigmella,Stigmella aurella,339411
Insecta,Hymenoptera,Eucharitidae,Stilbula,Stilbula cyniformis,752818
Insecta,Diptera,Ceratopogonidae,Stilobezzia,Stilobezzia coquilletti,294378
Insecta,Diptera,Anthomyzidae,Stiphrosoma,Stiphrosoma sabulosum,548220
Insecta,Diptera,Rhiniidae,Stomorhina,Stomorhina lunata,326655
Diplopoda,Polydesmida,Paradoxosomatidae,Stosatea,Stosatea italica,336996
Branchiopoda,Anomopoda,Macrothricidae,Streblocerus,Streblocerus serricaudatus,483842
Insecta,Plecoptera,Taeniopterygidae,Strophopteryx,Strophopteryx fasciata,210995
Insecta,Strepsiptera,Stylopidae,Stylops,Stylops ater,1349393
Insecta,Diptera,Heleomyzidae,Suillia,Suillia variegata,343752
Insecta,Plecoptera,Chloroperlidae,Sweltsa,Sweltsa fidelis,232028
Insecta,Plecoptera,Chloroperlidae,Sweltsa,Sweltsa lateralis,232033
Insecta,Plecoptera,Chloroperlidae,Sweltsa,Sweltsa onkos,232037
Insecta,Diptera,Anisopodidae,Sylvicola,Sylvicola punctatus,471969
Insecta,Coleoptera,Anamorphidae,Symbiotes,Symbiotes duryi,232052
Insecta,Coleoptera,Anamorphidae,Symbiotes,Symbiotes gibberosus,232053
Insecta,Diptera,Ditomyiidae,Symmerus,Symmerus annulatus,1018079
Insecta,Hemiptera,Micronectidae,Synaptonecta,Synaptonecta issa,1137324
Malacostraca,Decapoda,Atyidae,Syncaris,Syncaris pacifica,113566
Insecta,Diptera,Tachinidae,Tachina,Tachina fera,52591
Insecta,Hemiptera,Cixiidae,Tachycixius,Tachycixius pilosus,547019
Insecta,Diptera,Hybotidae,Tachypeza,Tachypeza nubila,780656
Insecta,Plecoptera,Taeniopterygidae,Taeniopteryx,Taeniopteryx nebulosa,482059
Branchiopoda,Anostraca,Tanymastigidae,Tanymastix,Tanymastix stagnalis,488343
Insecta,Diptera,Tanypezidae,Tanypeza,Tanypeza longimana,765761
Arachnida,Araneae,Oonopidae,Tapinesthis,Tapinesthis inermis,232294
Arachnida,Araneae,Telemidae,Telema,Telema tenella,778282
Insecta,Coleoptera,Trogossitidae,Temnoscheila,Temnoscheila caerulea,538124
Insecta,Coleoptera,Teredidae,Teredus,Teredus cylindricus,1014569
Insecta,Coleoptera,Tetratomidae,Tetratoma,Tetratoma fungorum,481158
Insecta,Orthoptera,Tetrigidae,Tetrix,Tetrix subulata,129129
Insecta,Hemiptera,Tettigometridae,Tettigometra,Tettigometra laeta,466615
Insecta,Hemiptera,Tettigometridae,Tettigometra,Tettigometra virescens,785888
Insecta,Orthoptera,Tettigoniidae,Tettigonia,Tettigonia viridissima,133250
Diplopoda,Julida,Nemasomatidae,Thalassisobates,Thalassisobates littoralis,232456
Insecta,Diptera,Chloropidae,Thaumatomyia,Thaumatomyia glabra,133767
Insecta,Diptera,Therevidae,Thereva,Thereva nobilitata,362410
Arachnida,Araneae,Theridiosomatidae,Theridiosoma,Theridiosoma gemmosum,153777
Malacostraca,Isopoda,Sphaeromatidae,Thermosphaeroma,Thermosphaeroma macrura,114069
Malacostraca,Isopoda,Sphaeromatidae,Thermosphaeroma,Thermosphaeroma smithi,114071
Malacostraca,Isopoda,Sphaeromatidae,Thermosphaeroma,Thermosphaeroma subequalum,114072
Malacostraca,Isopoda,Sphaeromatidae,Thermosphaeroma,Thermosphaeroma thermophilum,114073
Hexanauplia,Cyclopoida,Ergasilidae,Thersitina,Thersitina gasterostei,475653
Insecta,Hymenoptera,Scelionidae,Thoron,Thoron metallicus,1083968
Insecta,Thysanoptera,Thripidae,Thrips,Thrips tabaci,271262
Insecta,Lepidoptera,Drepanidae,Thyatira,Thyatira batis,123022
Insecta,Coleoptera,Thymalidae,Thymalus,Thymalus limbatus,703310
Insecta,Hemiptera,Thyreocoridae,Thyreocoris,Thyreocoris scarabaeoides,483176
Insecta,Lepidoptera,Thyrididae,Thyris,Thyris fenestrella,462041
Insecta,Lepidoptera,Douglasiidae,Tinagma,Tinagma perdicella,805234
Insecta,Trichoptera,Psychomyiidae,Tinodes,Tinodes waeneri,459194
Insecta,Hymenoptera,Tiphiidae,Tiphia,Tiphia femorata,604483
Insecta,Diptera,Tipulidae,Tipula,Tipula paludosa,61917
Insecta,Lepidoptera,Tischeriidae,Tischeria,Tischeria ekebladella,468692
Entognatha,Entomobryomorpha,Tomoceridae,Tomocerus,Tomocerus vulgaris,472617
Insecta,Hymenoptera,Torymidae,Torymus,Torymus tubicola,264557
Insecta,Hemiptera,Pseudococcidae,Trabutina,Trabutina mannipara,60937
Malacostraca,Isopoda,Trachelipodidae,Trachelipus,Trachelipus rathkii,203479
Insecta,Diptera,Odiniidae,Traginops,Traginops irroratus,636907
Insecta,Diptera,Trichoceridae,Trichocera,Trichocera annulata,324127
Insecta,Hemiptera,Corixidae,Trichocorixa,Trichocorixa calva,130975
Insecta,Coleoptera,Cleridae,Trichodes,Trichodes apiarius,55048
Insecta,Hymenoptera,Diapriidae,Trichopria,Trichopria verticillata,1376656
Insecta,Psocodea,Trichopsocidae,Trichopsocus,Trichopsocus clarus,398313
Insecta,Archaeognatha,Machilidae,Trigoniophthalmus,Trigoniophthalmus alternatus,372465
Insecta,Psocodea,Pseudocaeciliidae,Trimerocaecilius,Trimerocaecilius becheti,1021943
Insecta,Psocodea,Menoponidae,Trinoton,Trinoton anserinum,534042
Insecta,Psocodea,Menoponidae,Trinoton,Trinoton querquedulae,330592
Insecta,Lepidoptera,Hepialidae,Triodia,Triodia sylvina,461806
Branchiopoda,Notostraca,Triopsidae,Triops,Triops cancriformis,60408
Insecta,Hemiptera,Triozidae,Trioza,Trioza centranthi,706328
Insecta,Hymenoptera,Scelionidae,Trissolcus,Trissolcus japonicus,517018
Insecta,Coleoptera,Erotylidae,Tritoma,Tritoma bipustulata,114499
Insecta,Hemiptera,Cydnidae,Tritomegas,Tritomegas bicolor,57839
Insecta,Coleoptera,Throscidae,Trixagus,Trixagus dermestoides,606937
Arachnida,Araneae,Mysmenidae,Trogloneta,Trogloneta paradoxa,233042
Arachnida,Trombidiformes,Trombidiidae,Trombidium,Trombidium auroraense,1155151
Arachnida,Trombidiformes,Trombidiidae,Trombidium,Trombidium breei,451847
Arachnida,Trombidiformes,Trombidiidae,Trombidium,Trombidium holosericeum,58397
Insecta,Coleoptera,Trogidae,Trox,Trox scaber,233070
Insecta,Hemiptera,Tropiduchidae,Trypetimorpha,Trypetimorpha occidentalis,914833
Insecta,Diptera,Sciomyzidae,Trypetoptera,Trypetoptera punctulata,338542
Insecta,Hemiptera,Aphididae,Tuberolachnus,Tuberolachnus salignus,354036
Insecta,Siphonaptera,Tungidae,Tunga,Tunga penetrans,308601
Malacostraca,Isopoda,Tylidae,Tylos,Tylos europaeus,210228
Malacostraca,Decapoda,Atyidae,Typhlatya,Typhlatya mitchelli,206555
Arachnida,Pseudoscorpiones,Chthoniidae,Tyrannochthonius,Tyrannochthonius japonicus,943140
Insecta,Lepidoptera,Crambidae,Udea,Udea rubigalis,143615
Arachnida,Araneae,Uloboridae,Uloborus,Uloborus plumipes,372517
Insecta,Hymenoptera,Siricidae,Urocerus,Urocerus gigas,51560
Insecta,Diptera,Tephritidae,Urophora,Urophora cardui,63066
Arachnida,Araneae,Telemidae,Usofila,Usofila flava,778290
Arachnida,Araneae,Telemidae,Usofila,Usofila pacifica,233352
Insecta,Psocodea,Caeciliusidae,Valenzuela,Valenzuela flavidus,308612
Insecta,Lepidoptera,Nymphalidae,Vanessa,Vanessa atalanta,49133
Arachnida,Mesostigmata,Varroidae,Varroa,Varroa destructor,194693
Insecta,Diptera,Vermileonidae,Vermileo,Vermileo comstocki,549672
Insecta,Diptera,Vermileonidae,Vermileo,Vermileo vermileo,465598
Entognatha,Entomobryomorpha,Isotomidae,Vertagopus,Vertagopus arboreus,339899
Insecta,Coleoptera,Vesperidae,Vesperus,Vesperus xatarti,371688
Arachnida,Pseudoscorpiones,Withiidae,Withius,Withius hispanus,973331
Insecta,Lepidoptera,Urodidae,Wockia,Wockia asperipunctella,453470
Insecta,Raphidioptera,Raphidiidae,Xanthostigma,Xanthostigma xanthostigma,417954
Arachnida,Sarcoptiformes,Xenillidae,Xenillus,Xenillus tegeocranus,917071
Insecta,Hymenoptera,Scelionidae,Xenomerus,Xenomerus ergenna,1016380
Insecta,Strepsiptera,Xenidae,Xenos,Xenos vesparum,486031
Insecta,Hymenoptera,Xiphydriidae,Xiphydria,Xiphydria camelus,775763
Insecta,Orthoptera,Tridactylidae,Xya,Xya variegata,473191
Insecta,Hymenoptera,Xyelidae,Xyela,Xyela julii,1019280
Insecta,Hymenoptera,Xyelidae,Xyela,Xyela linsleyi,699669
Insecta,Lepidoptera,Yponomeutidae,Yponomeuta,Yponomeuta evonymella,324630
Insecta,Lepidoptera,Ypsolophidae,Ypsolopha,Ypsolopha dentella,207523
Insecta,Plecoptera,Nemouridae,Zapada,Zapada cinctipes,178556
Insecta,Diptera,Anthomyzidae,Zealantha,Zealantha thorpei,464581
Insecta,Coleoptera,Megalopodidae,Zeugophora,Zeugophora scutellaris,233980
Insecta,Coleoptera,Megalopodidae,Zeugophora,Zeugophora subspinosa,321916
Insecta,Coleoptera,Megalopodidae,Zeugophora,Zeugophora varians,233981
Arachnida,Araneae,Miturgidae,Zora,Zora spinimana,360548
Arachnida,Araneae,Zoropsidae,Zoropsis,Zoropsis spinimana,127112
Insecta,Lepidoptera,Zygaenidae,Zygaena,Zygaena lonicerae,82108
Arachnida,Araneae,Phonognathidae,Zygiella,Zygiella x-notata,155279
