class,order,family,genus,specie,taxon_id,count
Insecta,Psocodea,Philotarsidae,Philotarsus,Philotarsus parviceps,775126,15
Insecta,Hemiptera,Acanthosomatidae,Elasmostethus,Elasmostethus interstinctus,318507,1791
Insecta,Coleoptera,Dytiscidae,Rhantus,Rhantus suturalis,342213,557
Pauropoda,Tetramerocerata,Eurypauropodidae,Trachypauropus,Trachypauropus latzeli,1468045,1
Insecta,Lepidoptera,Adelidae,Nemophora,Nemophora metallica,326739,1435
Insecta,Hemiptera,Adelgidae,Pineus,Pineus pini,395219,18
Insecta,Coleoptera,Aderidae,Anidorus,Anidorus sanguinolentus,1066121,14
Insecta,Diptera,Culicidae,Culiseta,Culiseta annulata,155395,490
Insecta,Thysanoptera,Aeolothripidae,Rhipidothrips,Rhipidothrips gratiosus,704791,2
Insecta,Diptera,Platypezidae,Polyporivora,Polyporivora picta,1144238,16
Insecta,Coleoptera,Chrysomelidae,Lilioceris,Lilioceris lilii,55761,4319
Insecta,Trichoptera,Hydroptilidae,Ithytrichia,Ithytrichia lamellaris,546190,7
Insecta,Coleoptera,Elateridae,Athous,Athous haemorrhoidalis,130622,1328
Insecta,Coleoptera,Agyrtidae,Necrophilus,Necrophilus subterraneus,176865,1
Insecta,Hemiptera,Aleyrodidae,Siphoninus,Siphoninus phillyreae,397210,50
Entognatha,Symphypleona,Sminthuridae,Sminthurus,Sminthurus viridis,207552,78
Insecta,Hymenoptera,Figitidae,Phaenoglyphis,Phaenoglyphis villosa,394957,2
Insecta,Lepidoptera,Alucitidae,Pterotopteryx,Pterotopteryx dodecadactyla,781071,5
Arachnida,Araneae,Amaurobiidae,Callobius,Callobius claustrarius,416678,54
Insecta,Hymenoptera,Ichneumonidae,Diplazon,Diplazon laetatorius,84693,838
Insecta,Hymenoptera,Mymaridae,Stephanodes,Stephanodes similis,1083579,1
Insecta,Coleoptera,Scraptiidae,Cyrtanaspis,Cyrtanaspis phalerata,976487,5
Insecta,Hymenoptera,Eupelmidae,Pentacladia,Pentacladia elegans,473481,4
Insecta,Odonata,Aeshnidae,Aeshna,Aeshna cyanea,52519,8406
Insecta,Hymenoptera,Andrenidae,Panurgus,Panurgus calcaratus,484540,103
Arachnida,Opiliones,Trogulidae,Trogulus,Trogulus tricarinatus,525704,22
Insecta,Dermaptera,Anisolabididae,Euborellia,Euborellia moesta,496317,291
Insecta,Coleoptera,Leiodidae,Agathidium,Agathidium nigripenne,495160,18
Insecta,Hymenoptera,Pompilidae,Auplopus,Auplopus carbonarius,466448,325
Insecta,Coleoptera,Geotrupidae,Trypocopris,Trypocopris vernalis,472829,2658
Insecta,Coleoptera,Cryptophagidae,Atomaria,Atomaria lewisi,386273,12
Insecta,Hymenoptera,Megachilidae,Osmia,Osmia cornuta,126630,3896
Insecta,Hemiptera,Anthocoridae,Cardiastethus,Cardiastethus fasciiventris,624482,127
Insecta,Diptera,Anthomyiidae,Eustalomyia,Eustalomyia hilaris,624894,64
Insecta,Lepidoptera,Choreutidae,Tebenna,Tebenna micalis,311409,980
Insecta,Coleoptera,Dermestidae,Attagenus,Attagenus trifasciatus,737693,284
Entognatha,Poduromorpha,Neanuridae,Neanura,Neanura muscorum,261737,196
Insecta,Coleoptera,Brentidae,Exapion,Exapion ulicis,410464,318
Insecta,Hymenoptera,Apidae,Bombus,Bombus pascuorum,55637,22948
Insecta,Lepidoptera,Limacodidae,Hoyosia,Hoyosia codeti,780798,150
Insecta,Coleoptera,Attelabidae,Tatianaerhynchites,Tatianaerhynchites aequatus,502652,590
Insecta,Dermaptera,Forficulidae,Chelidurella,Chelidurella acanthopygia,518234,503
Insecta,Hemiptera,Gerridae,Limnoporus,Limnoporus rufoscutellatus,494010,188
Insecta,Orthoptera,Mogoplistidae,Mogoplistes,Mogoplistes brunneus,466326,160
Insecta,Hemiptera,Aradidae,Aneurus,Aneurus avenius,708867,149
Insecta,Hymenoptera,Argidae,Sterictiphora,Sterictiphora angelicae,1349141,25
Arachnida,Araneae,Araneidae,Araneus,Araneus marmoreus,120183,9230
Malacostraca,Isopoda,Armadillidiidae,Alloschizidium,Alloschizidium pruvoti,1455945,1
Insecta,Hemiptera,Delphacidae,Ditropis,Ditropis pteridis,204860,72
Insecta,Coleoptera,Sphindidae,Sphindus,Sphindus dubius,1016872,6
Insecta,Zygentoma,Nicoletiidae,Proatelurina,Proatelurina pseudolepisma,525786,13
Insecta,Hymenoptera,Tenthredinidae,Macrophya,Macrophya montana,320947,1375
Insecta,Diptera,Athericidae,Ibisia,Ibisia marginata,736787,50
Insecta,Hymenoptera,Aulacidae,Pristaulacus,Pristaulacus galitae,1082174,2
Malacostraca,Decapoda,Astacidae,Pontastacus,Pontastacus leptodactylus,622748,302
Insecta,Lepidoptera,Nolidae,Garella,Garella nilotica,220292,593
Insecta,Trichoptera,Beraeidae,Beraeodes,Beraeodes minutus,988245,1
Insecta,Hymenoptera,Bethylidae,Cephalonomia,Cephalonomia gallicola,1128474,1
Insecta,Diptera,Bibionidae,Dilophus,Dilophus febrilis,326610,216
Insecta,Coleoptera,Biphyllidae,Diplocoelus,Diplocoelus fagi,570172,14
Insecta,Coleoptera,Zopheridae,Synchita,Synchita undata,545418,56
Diplopoda,Julida,Blaniulidae,Proteroiulus,Proteroiulus fuscus,336997,58
Insecta,Lepidoptera,Blastobasidae,Hypatopa,Hypatopa binotella,522771,17
Insecta,Blattodea,Blattellidae,Loboptera,Loboptera decipiens,463975,530
Insecta,Diptera,Bombyliidae,Hemipenthes,Hemipenthes morio,321705,2188
Insecta,Coleoptera,Bostrichidae,Scobicia,Scobicia chevrieri,470095,54
Entognatha,Symphypleona,Bourletiellidae,Deuterosminthurus,Deuterosminthurus bicinctus,466161,60
Insecta,Hymenoptera,Chalcididae,Dirhinus,Dirhinus hesperidum,1083422,20
Insecta,Coleoptera,Kateretidae,Kateretes,Kateretes pedicularius,624421,15
Hexanauplia,Harpacticoida,Canthocamptidae,Canthocamptus,Canthocamptus staphylinus,984296,1
Insecta,Hymenoptera,Cephidae,Cephus,Cephus pygmeus,510327,43
Insecta,Hemiptera,Caliscelidae,Ommatidiotus,Ommatidiotus dissimilis,914727,5
Insecta,Hemiptera,Alydidae,Alydus,Alydus calcaratus,453774,791
Insecta,Plecoptera,Capniidae,Zwicknia,Zwicknia bifrons,1361067,2
Insecta,Coleoptera,Buprestidae,Anthaxia,Anthaxia nitidula,493972,980
Insecta,Coleoptera,Carabidae,Cicindela,Cicindela campestris,130143,5411
Insecta,Lepidoptera,Peleopodidae,Odites,Odites kollarella,553166,82
Insecta,Hemiptera,Membracidae,Gargara,Gargara genistae,553215,86
Insecta,Diptera,Oestridae,Oestrus,Oestrus ovis,362512,52
Insecta,Hymenoptera,Encyrtidae,Encyrtus,Encyrtus infidus,993327,2
Entognatha,Poduromorpha,Hypogastruridae,Hypogastrura,Hypogastrura manubrialis,261702,1
Insecta,Hemiptera,Cercopidae,Haematoloma,Haematoloma dorsata,466689,316
Insecta,Coleoptera,Cerylonidae,Philothermus,Philothermus semistriatus,1440296,1
Arachnida,Araneae,Trachelidae,Paratrachelas,Paratrachelas maculatus,789091,20
Insecta,Odonata,Lestidae,Lestes,Lestes sponsa,130408,4023
Insecta,Diptera,Chaoboridae,Mochlonyx,Mochlonyx velutinus,1000476,3
Arachnida,Pseudoscorpiones,Cheliferidae,Dactylochelifer,Dactylochelifer latreillii,494526,8
Insecta,Hemiptera,Artheneidae,Holcocranum,Holcocranum saturejae,543283,51
Insecta,Trichoptera,Philopotamidae,Philopotamus,Philopotamus montanus,465450,68
Insecta,Diptera,Stratiomyidae,Sargus,Sargus bipunctatus,416536,1085
Diplopoda,Chordeumatida,Chordeumatidae,Melogona,Melogona gallica,336988,2
Insecta,Lepidoptera,Elachistidae,Elachista,Elachista argentella,357984,130
Insecta,Neuroptera,Chrysopidae,Italochrysa,Italochrysa italica,467039,265
Insecta,Diptera,Tabanidae,Haematopota,Haematopota pluvialis,130395,258
Insecta,Hemiptera,Cicadidae,Lyristes,Lyristes plebejus,361905,1316
Insecta,Hemiptera,Cicadellidae,Fieberiella,Fieberiella florii,126622,648
Arachnida,Araneae,Hahniidae,Antistea,Antistea elegans,547275,16
Insecta,Coleoptera,Nemonychidae,Doydirhynchus,Doydirhynchus austriacus,885144,18
Insecta,Hymenoptera,Cimbicidae,Abia,Abia fasciata,461218,227
Insecta,Hymenoptera,Cleonymidae,Notanisus,Notanisus versicolor,1099837,1
Insecta,Ephemeroptera,Baetidae,Baetis,Baetis rhodani,482029,22
Insecta,Diptera,Psychodidae,Psychoda,Psychoda alternata,294023,156
Insecta,Phasmida,Bacillidae,Bacillus,Bacillus rossius,357169,205
Arachnida,Araneae,Clubionidae,Porrhoclubiona,Porrhoclubiona leucaspis,860722,44
Insecta,Diptera,Clusiidae,Hendelia,Hendelia beckeri,628758,2
Insecta,Coleoptera,Coccinellidae,Adalia,Adalia bipunctata,52506,10142
Insecta,Hymenoptera,Aphelinidae,Eretmocerus,Eretmocerus mundus,750829,1
Insecta,Diptera,Coelopidae,Malacomyia,Malacomyia sciomyzina,950236,2
Insecta,Diptera,Xylophagidae,Xylophagus,Xylophagus ater,710178,25
Insecta,Lepidoptera,Coleophoridae,Augasma,Augasma aeratella,988153,2
Insecta,Hymenoptera,Colletidae,Hylaeus,Hylaeus leptocephalus,199050,307
Insecta,Thysanoptera,Phlaeothripidae,Haplothrips,Haplothrips subtilissimus,566240,1
Insecta,Neuroptera,Coniopterygidae,Coniopteryx,Coniopteryx pygmaea,525169,1
Insecta,Odonata,Corduliidae,Somatochlora,Somatochlora metallica,112801,954
Insecta,Hemiptera,Coreidae,Gonocerus,Gonocerus acuteangulatus,204781,3721
Insecta,Hemiptera,Rhopalidae,Liorhyssus,Liorhyssus hyalinus,133207,1942
Insecta,Coleoptera,Latridiidae,Enicmus,Enicmus brevicornis,173606,10
Insecta,Lepidoptera,Cossidae,Zeuzera,Zeuzera pyrina,200930,3247
Arachnida,Araneae,Cybaeidae,Cybaeus,Cybaeus angustiarum,786529,4
Insecta,Hemiptera,Eriococcidae,Gossyparia,Gossyparia spuria,1514433,9
Insecta,Coleoptera,Cucujidae,Pediacus,Pediacus dermestoides,909252,9
Insecta,Diptera,Ceratopogonidae,Bezzia,Bezzia nobilis,911284,3
Insecta,Coleoptera,Nitidulidae,Glischrochilus,Glischrochilus hortensis,131089,275
Insecta,Lepidoptera,Tortricidae,Agapeta,Agapeta hamana,205754,2176
Insecta,Diptera,Cylindrotomidae,Phalacrocera,Phalacrocera replicata,522061,2
Insecta,Hemiptera,Cymidae,Cymodema,Cymodema tabida,1449830,4
Insecta,Hymenoptera,Cynipidae,Neuroterus,Neuroterus quercusbaccarum,55598,3232
Insecta,Diptera,Acroceridae,Acrocera,Acrocera orbiculus,779440,16
Insecta,Coleoptera,Byrrhidae,Byrrhus,Byrrhus pilula,130838,72
Insecta,Hemiptera,Phylloxeridae,Phylloxera,Phylloxera glabra,395155,6
Insecta,Hymenoptera,Melittidae,Macropis,Macropis europaea,188686,380
Insecta,Coleoptera,Silvanidae,Psammoecus,Psammoecus bipunctatus,568498,50
Insecta,Hemiptera,Miridae,Adelphocoris,Adelphocoris lineolatus,84508,4179
Hexanauplia,Cyclopoida,Cyclopidae,Acanthocyclops,Acanthocyclops vernalis,212213,6
Insecta,Hymenoptera,Eulophidae,Astichus,Astichus arithmeticus,1048884,9
Insecta,Hemiptera,Tingidae,Tingis,Tingis cardui,466475,273
Insecta,Hemiptera,Dictyopharidae,Bursinia,Bursinia genei,508230,9
Entognatha,Symphypleona,Dicyrtomidae,Dicyrtoma,Dicyrtoma fusca,243567,304
Insecta,Hymenoptera,Braconidae,Cotesia,Cotesia glomerata,63184,129
Insecta,Diptera,Asilidae,Tolmerus,Tolmerus atricapillus,505623,682
Entognatha,Diplura,Japygidae,Megajapyx,Megajapyx major,877878,2
Insecta,Hymenoptera,Diplolepididae,Pediaspis,Pediaspis aceris,546522,637
Insecta,Hymenoptera,Diprionidae,Neodiprion,Neodiprion sertifer,494066,264
Insecta,Diptera,Ephydridae,Hecamede,Hecamede albicans,917786,36
Insecta,Neuroptera,Myrmeleontidae,Libelloides,Libelloides coccajus,60835,1593
Insecta,Diptera,Ditomyiidae,Symmerus,Symmerus annulatus,1018079,1
Insecta,Lepidoptera,Lypusidae,Hypercallia,Hypercallia citrinalis,714173,71
Insecta,Diptera,Dixidae,Dixella,Dixella martinii,1200097,1
Insecta,Hymenoptera,Ampulicidae,Ampulex,Ampulex fasciata,1284928,3
Insecta,Diptera,Drosophilidae,Cacoxenus,Cacoxenus indagator,505829,108
Insecta,Hymenoptera,Dryinidae,Gonatopus,Gonatopus clavipes,1410799,2
Arachnida,Araneae,Dysderidae,Harpactea,Harpactea hombergi,318911,213
Insecta,Lepidoptera,Eriocraniidae,Eriocrania,Eriocrania semipurpurella,219469,81
Arachnida,Trombidiformes,Erythraeidae,Balaustium,Balaustium murorum,464685,11
Insecta,Blattodea,Ectobiidae,Luridiblatta,Luridiblatta trivittata,354644,439
Insecta,Lepidoptera,Pterophoridae,Gillmeria,Gillmeria pallidactyla,321014,1032
Insecta,Diptera,Mythicomyiidae,Cyrtosia,Cyrtosia marginata,1483703,1
Insecta,Diptera,Empididae,Rhamphomyia,Rhamphomyia marginata,547124,42
Insecta,Coleoptera,Endomychidae,Mycetina,Mycetina cruciata,502163,197
Insecta,Diptera,Limoniidae,Limonia,Limonia nubeculosa,223780,247
Arachnida,Araneae,Agelenidae,Agelena,Agelena labyrinthica,130304,2205
Arachnida,Sarcoptiformes,Eriophyidae,Aculus,Aculus tetanothrix,469076,1299
Insecta,Diptera,Syrphidae,Episyrphus,Episyrphus balteatus,52482,25411
Arachnida,Araneae,Mimetidae,Mimetus,Mimetus laevigatus,714080,44
Insecta,Lepidoptera,Depressariidae,Agonopterix,Agonopterix alstroemeriana,345618,959
Branchiopoda,Anostraca,Chirocephalidae,Chirocephalus,Chirocephalus diaphanus,207663,26
Insecta,Coleoptera,Eucinetidae,Nycteus,Nycteus meridionalis,1042754,2
Insecta,Lepidoptera,Lecithoceridae,Lecithocera,Lecithocera nigrana,875800,19
Insecta,Hemiptera,Scutelleridae,Odontotarsus,Odontotarsus purpureolineatus,371562,386
Arachnida,Trombidiformes,Tetranychidae,Tetranychus,Tetranychus lintearius,409160,260
Insecta,Hymenoptera,Eurytomidae,Sycophila,Sycophila mellea,1136832,3
Insecta,Diptera,Nemestrinidae,Nemestrinus,Nemestrinus perezii,928217,18
Arachnida,Araneae,Filistatidae,Pritha,Pritha nana,311603,18
Insecta,Hemiptera,Geocoridae,Henestaris,Henestaris laticeps,704395,29
Insecta,Diptera,Opomyzidae,Opomyza,Opomyza florum,336872,50
Diplopoda,Glomerida,Glomeridae,Onychoglomeris,Onychoglomeris castanea,874659,34
Insecta,Lepidoptera,Glyphipterigidae,Acrolepiopsis,Acrolepiopsis assectella,317685,127
Insecta,Trichoptera,Limnephilidae,Limnephilus,Limnephilus lunatus,416812,786
Insecta,Trichoptera,Goeridae,Silo,Silo piceus,546186,4
Insecta,Lepidoptera,Gracillariidae,Caloptilia,Caloptilia stigmatella,215900,367
Insecta,Psocodea,Stenopsocidae,Stenopsocus,Stenopsocus immaculatus,544842,112
Insecta,Orthoptera,Gryllidae,Gryllomorpha,Gryllomorpha dalmatina,466306,936
Insecta,Hymenoptera,Scelionidae,Baeus,Baeus seminulum,386556,2
Insecta,Hymenoptera,Halictidae,Sphecodes,Sphecodes albilabris,154661,928
Malacostraca,Isopoda,Halophilosciidae,Stenophiloscia,Stenophiloscia glarearum,946646,4
Malacostraca,Isopoda,Trichoniscidae,Hyloniscus,Hyloniscus riparius,469870,426
Insecta,Hymenoptera,Chrysididae,Pseudomalus,Pseudomalus auratus,466429,222
Insecta,Lepidoptera,Heliozelidae,Antispila,Antispila metallella,522496,4
Chilopoda,Geophilomorpha,Geophilidae,Geophilus,Geophilus carpophagus,496758,95
Insecta,Ephemeroptera,Heptageniidae,Ecdyonurus,Ecdyonurus torrentis,482044,9
Insecta,Coleoptera,Heteroceridae,Augyles,Augyles hispidulus,886900,6
Ostracoda,Podocopida,Cyprididae,Cypridopsis,Cypridopsis vidua,371148,3
Insecta,Hemiptera,Heterogastridae,Platyplax,Platyplax salviae,631682,113
Insecta,Hemiptera,Nabidae,Nabis,Nabis limbatus,510325,542
Chilopoda,Geophilomorpha,Himantariidae,Stigmatogaster,Stigmatogaster gracilis,575169,4
Insecta,Lepidoptera,Oecophoridae,Endrosis,Endrosis sarcitrella,205758,2331
Arachnida,Araneae,Lycosidae,Alopecosa,Alopecosa albofasciata,467112,554
Insecta,Coleoptera,Histeridae,Margarinotus,Margarinotus purpurascens,131907,81
Insecta,Coleoptera,Hydraenidae,Aulacochthebius,Aulacochthebius exaratus,652151,1
Insecta,Coleoptera,Hydrophilidae,Hydrochara,Hydrochara caraboides,465809,267
Insecta,Trichoptera,Hydropsychidae,Cheumatopsyche,Cheumatopsyche lepida,546192,6
Insecta,Hemiptera,Naucoridae,Naucoris,Naucoris maculatus,469903,22
Branchiopoda,Spinicaudata,Limnadiidae,Limnadia,Limnadia lenticularis,223679,1
Insecta,Lepidoptera,Incurvariidae,Phylloporia,Phylloporia bistrigella,416832,33
Insecta,Hemiptera,Blissidae,Dimorphopterus,Dimorphopterus spinolae,541400,45
Insecta,Odonata,Coenagrionidae,Coenagrion,Coenagrion puella,51678,13170
Insecta,Hemiptera,Issidae,Latilica,Latilica maculipes,516997,76
Arachnida,Ixodida,Ixodidae,Dermacentor,Dermacentor reticulatus,320832,943
Entognatha,Poduromorpha,Onychiuridae,Supraphorura,Supraphorura furcifera,1010312,1
Insecta,Hemiptera,Lygaeidae,Spilostethus,Spilostethus pandurus,130079,4405
Insecta,Dermaptera,Labiduridae,Nala,Nala lividipes,363204,315
Insecta,Coleoptera,Tenebrionidae,Diaperis,Diaperis boleti,492662,1455
Insecta,Coleoptera,Lampyridae,Nyctophila,Nyctophila reichii,367018,1253
Insecta,Coleoptera,Ptinidae,Ochina,Ochina ptinoides,546075,163
Insecta,Hymenoptera,Formicidae,Camponotus,Camponotus vagus,343182,1964
Arachnida,Opiliones,Sclerosomatidae,Gyas,Gyas titanus,699365,219
Insecta,Hemiptera,Diaspididae,Chionaspis,Chionaspis salicis,782162,41
Insecta,Trichoptera,Lepidostomatidae,Crunoecia,Crunoecia irrorata,546195,1
Insecta,Zygentoma,Lepismatidae,Neoasterolepisma,Neoasterolepisma wasmannii,1046641,1
Insecta,Hemiptera,Leptopodidae,Patapius,Patapius spinosus,470009,20
Insecta,Odonata,Libellulidae,Sympetrum,Sympetrum striolatum,55625,14555
Insecta,Hemiptera,Coccidae,Eriopeltis,Eriopeltis festucae,715854,5
Malacostraca,Isopoda,Ligiidae,Ligidium,Ligidium hypnorum,371954,85
Insecta,Lepidoptera,Cosmopterigidae,Pyroderces,Pyroderces argyrogrammos,470875,161
Arachnida,Araneae,Liocranidae,Scotina,Scotina celans,522062,64
Arachnida,Araneae,Phrurolithidae,Phrurolithus,Phrurolithus festivus,354269,75
Insecta,Psocodea,Philopteridae,Cuclotogaster,Cuclotogaster heterographus,408530,1
Insecta,Diptera,Hippoboscidae,Pseudolynchia,Pseudolynchia canariensis,418801,248
Chilopoda,Lithobiomorpha,Lithobiidae,Eupolybothrus,Eupolybothrus longicornis,495627,4
Insecta,Hemiptera,Liviidae,Psyllopsis,Psyllopsis fraxini,207580,87
Insecta,Diptera,Sphaeroceridae,Sphaerocera,Sphaerocera curvipes,397313,23
Insecta,Coleoptera,Lucanidae,Dorcus,Dorcus parallelipipedus,123920,12282
Insecta,Diptera,Calliphoridae,Calliphora,Calliphora vicina,119115,2648
Insecta,Coleoptera,Lycidae,Dictyoptera,Dictyoptera aurora,67754,1038
Insecta,Lepidoptera,Erebidae,Tyria,Tyria jacobaeae,51781,13000
Insecta,Lepidoptera,Lyonetiidae,Leucoptera,Leucoptera laburnella,469901,44
Insecta,Diptera,Keroplatidae,Keroplatus,Keroplatus tipuloides,918509,7
Insecta,Lepidoptera,Sphingidae,Deilephila,Deilephila elpenor,55996,7774
Insecta,Coleoptera,Elmidae,Stenelmis,Stenelmis canaliculata,1050819,8
Insecta,Lepidoptera,Lasiocampidae,Euthrix,Euthrix potatoria,125012,6963
Insecta,Coleoptera,Melyridae,Anthocomus,Anthocomus equestris,320043,1362
Insecta,Diptera,Phoridae,Anevrina,Anevrina thoracica,1028510,1
Insecta,Hymenoptera,Megastigmidae,Bootanomyia,Bootanomyia stigmatizans,1093084,2
Insecta,Diptera,Rhinophoridae,Rhinophora,Rhinophora lepida,625003,297
Insecta,Coleoptera,Eucnemidae,Anelastidius,Anelastidius feisthameli,1013279,15
Insecta,Coleoptera,Meloidae,Mylabris,Mylabris variabilis,208983,1355
Insecta,Psocodea,Menoponidae,Menopon,Menopon gallinae,330588,3
Insecta,Hymenoptera,Thynnidae,Methocha,Methocha articulata,1000393,4
Insecta,Diptera,Muscidae,Stomoxys,Stomoxys calcitrans,122223,2454
Insecta,Hymenoptera,Pteromalidae,Callitula,Callitula pyrrhogaster,988528,14
Insecta,Psocodea,Mesopsocidae,Cyrtopsochus,Cyrtopsochus pustulatus,1021956,2
Insecta,Hemiptera,Berytidae,Neides,Neides tipularius,554915,225
Arachnida,Araneae,Tetragnathidae,Meta,Meta menardi,224958,654
Insecta,Coleoptera,Ripiphoridae,Macrosiagon,Macrosiagon bimaculata,909567,34
Insecta,Psocodea,Psocidae,Psococerastis,Psococerastis gibbosa,546156,99
Insecta,Lepidoptera,Gelechiidae,Chrysoesthia,Chrysoesthia sexguttella,216840,443
Insecta,Coleoptera,Scirtidae,Contacyphon,Contacyphon padi,552209,68
Arachnida,Araneae,Mysmenidae,Mysmena,Mysmena leucoplagiata,786709,1
Arachnida,Araneae,Sparassidae,Olios,Olios argelasius,336380,1184
Insecta,Neuroptera,Hemerobiidae,Drepanepteryx,Drepanepteryx phalaenoides,357358,370
Insecta,Diptera,Micropezidae,Rainieria,Rainieria calceata,490950,230
Insecta,Hemiptera,Veliidae,Velia,Velia caprai,361066,38
Insecta,Diptera,Cecidomyiidae,Rabdophaga,Rabdophaga rosaria,494431,1226
Insecta,Diptera,Milichiidae,Leptometopa,Leptometopa latipes,672699,4
Insecta,Diptera,Lauxaniidae,Meiosimyza,Meiosimyza decempunctata,566486,87
Arachnida,Araneae,Thomisidae,Synema,Synema globosum,245656,6292
Insecta,Trichoptera,Molannidae,Molanna,Molanna angustata,520746,2
Insecta,Lepidoptera,Momphidae,Coccidiphila,Coccidiphila danilevskyi,959859,7
Insecta,Hymenoptera,Torymidae,Torymus,Torymus bedeguaris,846057,12
Insecta,Lepidoptera,Tineidae,Euplocamus,Euplocamus anthracinalis,462042,326
Insecta,Coleoptera,Mordellidae,Tomoxia,Tomoxia bucephala,460538,109
Insecta,Hymenoptera,Mutillidae,Tropidotilla,Tropidotilla litoralis,630613,289
Insecta,Diptera,Piophilidae,Piophila,Piophila casei,326643,9
Insecta,Coleoptera,Mycetophagidae,Litargus,Litargus connexus,549581,99
Insecta,Hymenoptera,Myrmosidae,Paramyrmosa,Paramyrmosa brunnipes,1082441,11
Insecta,Trichoptera,Leptoceridae,Leptocerus,Leptocerus tineiformis,546206,159
Entognatha,Neelipleona,Neelidae,Megalothorax,Megalothorax minimus,203388,6
Diplopoda,Julida,Nemasomatidae,Thalassisobates,Thalassisobates littoralis,232456,4
Arachnida,Opiliones,Nemastomatidae,Mitostoma,Mitostoma chrysomelas,525998,239
Insecta,Orthoptera,Trigonidiidae,Trigonidium,Trigonidium cicindeloides,358064,598
Insecta,Diptera,Sepsidae,Sepsis,Sepsis punctum,129431,38
Insecta,Plecoptera,Nemouridae,Nemoura,Nemoura avicularis,1000980,4
Arachnida,Pseudoscorpiones,Neobisiidae,Roncocreagris,Roncocreagris cambridgei,1421375,1
Entognatha,Poduromorpha,Tullbergiidae,Stenaphorura,Stenaphorura denisi,1050581,1
Insecta,Hemiptera,Nepidae,Ranatra,Ranatra linearis,362340,644
Insecta,Diptera,Pipunculidae,Cephalops,Cephalops varipes,900202,1
Arachnida,Araneae,Linyphiidae,Drapetisca,Drapetisca socialis,360718,862
Arachnida,Araneae,Nesticidae,Kryptonesticus,Kryptonesticus eremita,781018,5
Insecta,Trichoptera,Polycentropodidae,Plectrocnemia,Plectrocnemia conspersa,546250,11
Insecta,Hymenoptera,Pamphiliidae,Acantholyda,Acantholyda erythrocephala,212218,115
Arachnida,Araneae,Dictynidae,Brigittea,Brigittea civica,783413,205
Insecta,Lepidoptera,Noctuidae,Autographa,Autographa gamma,55651,17598
Insecta,Hemiptera,Notonectidae,Anisops,Anisops sardeus,578745,81
Insecta,Coleoptera,Anthicidae,Anthicus,Anthicus antherinus,547575,291
Arachnida,Araneae,Titanoecidae,Titanoeca,Titanoeca quadriguttata,733188,52
Insecta,Diptera,Sarcophagidae,Wohlfahrtia,Wohlfahrtia vigil,554039,43
Insecta,Lepidoptera,Hesperiidae,Thymelicus,Thymelicus lineola,58484,12463
Insecta,Coleoptera,Ciidae,Cis,Cis castaneus,547802,13
Insecta,Coleoptera,Staphylinidae,Creophilus,Creophilus maxillosus,82463,977
Arachnida,Araneae,Oecobiidae,Uroctea,Uroctea durandi,213088,379
Insecta,Coleoptera,Oedemeridae,Nacerdes,Nacerdes carniolica,502346,557
Insecta,Lepidoptera,Autostichidae,Stibaromacha,Stibaromacha ratella,355086,141
Insecta,Coleoptera,Phalacridae,Tolyphus,Tolyphus granulatus,1241304,1
Insecta,Trichoptera,Phryganeidae,Oligostomis,Oligostomis reticulata,871564,63
Diplopoda,Julida,Julidae,Pachyiulus,Pachyiulus flavipes,874749,1037
Insecta,Odonata,Gomphidae,Gomphus,Gomphus vulgatissimus,57454,2202
Arachnida,Araneae,Oonopidae,Silhouettella,Silhouettella loricatula,781044,10
Entognatha,Entomobryomorpha,Entomobryidae,Entomobrya,Entomobrya nivalis,389008,587
Insecta,Coleoptera,Gyrinidae,Gyrinus,Gyrinus distinctus,992267,3
Insecta,Hemiptera,Ortheziidae,Newsteadia,Newsteadia floccosa,1001053,4
Malacostraca,Isopoda,Agnaridae,Protracheoniscus,Protracheoniscus politus,899951,31
Insecta,Coleoptera,Melandryidae,Orchesia,Orchesia undulata,176492,86
Insecta,Hemiptera,Oxycarenidae,Metopoplax,Metopoplax ditomoides,468913,146
Insecta,Coleoptera,Scarabaeidae,Cetonia,Cetonia aurata,52402,16321
Insecta,Diptera,Pallopteridae,Temnosira,Temnosira saltuum,877307,45
Insecta,Hemiptera,Pentatomidae,Dolycoris,Dolycoris baccarum,51666,15535
Insecta,Lepidoptera,Papilionidae,Iphiclides,Iphiclides podalirius,62749,10246
Insecta,Raphidioptera,Inocelliidae,Inocellia,Inocellia crassicornis,903435,27
Arachnida,Araneae,Leptonetidae,Leptoneta,Leptoneta proserpina,788865,1
Insecta,Ephemeroptera,Leptophlebiidae,Habroleptoides,Habroleptoides confusa,779369,3
Arachnida,Mesostigmata,Parasitidae,Poecilochirus,Poecilochirus necrophori,85388,1
Insecta,Diptera,Pediciidae,Tricyphona,Tricyphona immaculata,774875,5
Insecta,Coleoptera,Haliplidae,Haliplus,Haliplus lineatocollis,498536,10
Insecta,Diptera,Nycteribiidae,Nycteribia,Nycteribia schmidlii,678727,1
Arachnida,Trombidiformes,Penthaleidae,Linopenthaleus,Linopenthaleus irki,1370013,4
Insecta,Lepidoptera,Geometridae,Camptogramma,Camptogramma bilineata,61972,10279
Insecta,Plecoptera,Perlidae,Dinocras,Dinocras cephalotes,482056,16
Insecta,Plecoptera,Perlodidae,Isoperla,Isoperla grammatica,482058,15
Arachnida,Opiliones,Phalangiidae,Opilio,Opilio canestrinii,527576,7304
Insecta,Lepidoptera,Notodontidae,Thaumetopoea,Thaumetopoea pityocampa,61293,3411
Insecta,Hymenoptera,Proctotrupidae,Proctotrupes,Proctotrupes gravidator,905054,5
Insecta,Lepidoptera,Epermeniidae,Epermenia,Epermenia chaerophyllella,347430,29
Insecta,Hemiptera,Aphrophoridae,Aphrophora,Aphrophora alni,213962,1902
Insecta,Hymenoptera,Crabronidae,Mellinus,Mellinus arvensis,127757,1056
Arachnida,Araneae,Philodromidae,Tibellus,Tibellus oblongus,153855,605
Malacostraca,Isopoda,Philosciidae,Chaetophiloscia,Chaetophiloscia sicula,899412,185
Insecta,Coleoptera,Silphidae,Oiceoptoma,Oiceoptoma thoracicum,460842,2712
Insecta,Diptera,Ulidiidae,Otites,Otites porcus,1346799,215
Insecta,Diptera,Agromyzidae,Phytoliriomyza,Phytoliriomyza melampyga,336013,1413
Arachnida,Sarcoptiformes,Phytoptidae,Fragariocoptes,Fragariocoptes setiger,1081696,21
Insecta,Lepidoptera,Pieridae,Gonepteryx,Gonepteryx rhamni,52771,19218
Insecta,Hemiptera,Piesmatidae,Parapiesma,Parapiesma quadratum,510333,24
Arachnida,Araneae,Pisauridae,Dolomedes,Dolomedes fimbriatus,121778,752
Insecta,Coleoptera,Laemophloeidae,Laemophloeus,Laemophloeus monilis,703009,13
Insecta,Diptera,Platystomatidae,Rivellia,Rivellia syngenesiae,451405,131
Insecta,Coleoptera,Anthribidae,Platyrhinus,Platyrhinus resinosus,495405,680
Branchiopoda,Anomopoda,Chydoridae,Acroperus,Acroperus harpae,203472,14
Insecta,Lepidoptera,Plutellidae,Eidophasia,Eidophasia messingiella,522736,60
Insecta,Diptera,Dolichopodidae,Liancalus,Liancalus virens,322842,160
Insecta,Hymenoptera,Vespidae,Vespa,Vespa crabro,54327,22498
Insecta,Diptera,Polleniidae,Morinia,Morinia doronici,708957,7
Diplopoda,Polydesmida,Polydesmidae,Archipolydesmus,Archipolydesmus ribauti,1045768,1
Insecta,Coleoptera,Curculionidae,Otiorhynchus,Otiorhynchus sulcatus,226718,5043
Insecta,Lepidoptera,Lycaenidae,Lycaena,Lycaena phlaeas,55655,25328
Insecta,Diptera,Chironomidae,Chironomus,Chironomus plumosus,367431,33
Insecta,Coleoptera,Dryopidae,Dryops,Dryops gracilis,1284618,2
Malacostraca,Isopoda,Porcellionidae,Porcellionides,Porcellionides pruinosus,126264,842
Insecta,Psocodea,Elipsocidae,Elipsocus,Elipsocus hyalinus,971799,33
Insecta,Hymenoptera,Evaniidae,Brachygaster,Brachygaster minutus,1392311,40
Arachnida,Pseudoscorpiones,Chernetidae,Chernes,Chernes hahni,518555,6
Insecta,Orthoptera,Acrididae,Oedipoda,Oedipoda caerulescens,326052,9684
Insecta,Lepidoptera,Opostegidae,Opostega,Opostega salaciella,522490,15
Insecta,Diptera,Psilidae,Loxocera,Loxocera albiseta,547128,32
Arachnida,Araneae,Pholcidae,Spermophorides,Spermophorides elevata,786739,3
Insecta,Lepidoptera,Psychidae,Taleporia,Taleporia tubulosa,483083,168
Insecta,Hemiptera,Psyllidae,Arytaina,Arytaina genistae,318779,30
Insecta,Psocodea,Psyllipsocidae,Dorypteryx,Dorypteryx longipennis,307433,9
Insecta,Lepidoptera,Pyralidae,Endotricha,Endotricha flammealis,205154,5582
Insecta,Coleoptera,Pyrochroidae,Schizotus,Schizotus pectinicornis,211626,784
Insecta,Hemiptera,Pyrrhocoridae,Scantius,Scantius aegyptius,209594,2384
Insecta,Hemiptera,Reduviidae,Rhynocoris,Rhynocoris iracundus,461120,1017
Insecta,Diptera,Rhagionidae,Chrysopilus,Chrysopilus cristatus,70404,403
Insecta,Coleoptera,Cantharidae,Cantharis,Cantharis rustica,337544,6018
Insecta,Hemiptera,Aphalaridae,Craspedolepta,Craspedolepta nebulosa,207543,4
Insecta,Coleoptera,Monotomidae,Monotoma,Monotoma picipes,225234,9
Insecta,Hemiptera,Rhyparochromidae,Xanthochilus,Xanthochilus saturnius,325933,748
Insecta,Diptera,Mycetophilidae,Neoempheria,Neoempheria striata,1046738,5
Insecta,Coleoptera,Cerambycidae,Stictoleptura,Stictoleptura rubra,53258,8156
Insecta,Hemiptera,Saldidae,Chartoscirta,Chartoscirta cincta,554158,21
Insecta,Coleoptera,Salpingidae,Vincenzellus,Vincenzellus ruficollis,131986,78
Arachnida,Araneae,Salticidae,Menemerus,Menemerus semilimbatus,157990,6700
Insecta,Hymenoptera,Sapygidae,Monosapyga,Monosapyga clavicornis,704797,249
Insecta,Lepidoptera,Saturniidae,Aglia,Aglia tau,125099,1221
Branchiopoda,Anomopoda,Daphniidae,Simocephalus,Simocephalus serrulatus,230924,20
Insecta,Diptera,Scathophagidae,Parallelomma,Parallelomma vittatum,861112,163
Insecta,Diptera,Scatopsidae,Coboldia,Coboldia fuscipes,387751,28
Chilopoda,Geophilomorpha,Schendylidae,Hydroschendyla,Hydroschendyla submarina,575707,6
Insecta,Hymenoptera,Scoliidae,Megascolia,Megascolia maculata,322036,785
Arachnida,Araneae,Gnaphosidae,Trachyzelotes,Trachyzelotes pedestris,507471,385
Insecta,Lepidoptera,Scythrididae,Enolmis,Enolmis acanthella,325568,182
Arachnida,Araneae,Zodariidae,Zodarion,Zodarion rubidum,60919,19
Insecta,Coleoptera,Corylophidae,Corylophus,Corylophus cassidoides,1039644,11
Insecta,Trichoptera,Sericostomatidae,Notidobia,Notidobia ciliaris,546262,7
Insecta,Thysanoptera,Thripidae,Frankliniella,Frankliniella intonsa,389677,3
Insecta,Ephemeroptera,Ephemerellidae,Ephemerella,Ephemerella notata,482031,2
Insecta,Lepidoptera,Sesiidae,Pyropteron,Pyropteron chrysidiforme,359917,636
Insecta,Diptera,Conopidae,Conops,Conops quadrifasciatus,70205,341
Branchiopoda,Ctenopoda,Sididae,Penilia,Penilia avirostris,472067,4
Insecta,Hemiptera,Corixidae,Cymatia,Cymatia coleoptrata,507360,19
Insecta,Diptera,Lonchaeidae,Lamprolonchaea,Lamprolonchaea smaragdi,469582,41
Insecta,Plecoptera,Chloroperlidae,Isoptena,Isoptena serricornis,778439,2
Arachnida,Opiliones,Sironidae,Parasiro,Parasiro coiffaiti,525941,13
Insecta,Diptera,Xylomyidae,Xylomya,Xylomya maculata,713061,7
Insecta,Hymenoptera,Sphecidae,Sceliphron,Sceliphron spirifex,320607,572
Arachnida,Araneae,Theridiidae,Enoplognatha,Enoplognatha ovata,219195,3953
Insecta,Hymenoptera,Stephanidae,Megischus,Megischus anomalipes,1204585,1
Insecta,Lepidoptera,Nepticulidae,Ectoedemia,Ectoedemia argyropeza,218886,102
Insecta,Diptera,Anthomyzidae,Anthomyza,Anthomyza neglecta,1200260,1
Insecta,Diptera,Rhiniidae,Rhyncomya,Rhyncomya columbina,627171,81
Branchiopoda,Anomopoda,Macrothricidae,Lathonura,Lathonura rectirostris,1110969,3
Insecta,Diptera,Heleomyzidae,Tephrochlamys,Tephrochlamys rufiventris,336918,61
Insecta,Diptera,Tachinidae,Eriothrix,Eriothrix rufomaculata,472363,1702
Insecta,Hemiptera,Cixiidae,Cixius,Cixius cunicularius,735025,66
Insecta,Diptera,Hybotidae,Hybos,Hybos culiciformis,479772,108
Insecta,Plecoptera,Taeniopterygidae,Brachyptera,Brachyptera risi,451406,5
Insecta,Coleoptera,Trogossitidae,Nemozoma,Nemozoma elongatum,701940,22
Insecta,Coleoptera,Teredidae,Anommatus,Anommatus duodecimstriatus,408396,1
Insecta,Coleoptera,Tetratomidae,Hallomenus,Hallomenus binotatus,458145,27
Insecta,Orthoptera,Tetrigidae,Paratettix,Paratettix meridionalis,466417,429
Insecta,Orthoptera,Tettigoniidae,Pholidoptera,Pholidoptera griseoaptera,55359,11204
Insecta,Diptera,Chloropidae,Camarota,Camarota curvipennis,734872,99
Insecta,Diptera,Therevidae,Acrosathe,Acrosathe annulata,504051,33
Insecta,Lepidoptera,Drepanidae,Habrosyne,Habrosyne pyritoides,322132,1894
Insecta,Lepidoptera,Douglasiidae,Klimeschia,Klimeschia transversella,993479,2
Insecta,Trichoptera,Psychomyiidae,Psychomyia,Psychomyia pusilla,475530,8
Insecta,Diptera,Tipulidae,Tanyptera,Tanyptera atrata,464052,425
Insecta,Lepidoptera,Tischeriidae,Coptotriche,Coptotriche marginea,522514,95
Entognatha,Entomobryomorpha,Tomoceridae,Pogonognathellus,Pogonognathellus longicornis,705936,74
Insecta,Hemiptera,Pseudococcidae,Phenacoccus,Phenacoccus aceris,60938,6
Malacostraca,Isopoda,Trachelipodidae,Porcellium,Porcellium conspersum,896136,7
Insecta,Coleoptera,Cleridae,Thanasimus,Thanasimus formicarius,130787,1238
Insecta,Hymenoptera,Diapriidae,Aneurhynchus,Aneurhynchus nodicornis,1429208,1
Insecta,Archaeognatha,Machilidae,Lepismachilis,Lepismachilis y-signata,546130,101
Insecta,Lepidoptera,Hepialidae,Hepialus,Hepialus humuli,205224,795
Branchiopoda,Notostraca,Triopsidae,Lepidurus,Lepidurus apus,466503,79
Insecta,Hemiptera,Triozidae,Lauritrioza,Lauritrioza alacris,888158,155
Insecta,Coleoptera,Erotylidae,Triplax,Triplax russica,494606,90
Insecta,Hemiptera,Cydnidae,Cydnus,Cydnus aterrimus,363434,1098
Insecta,Coleoptera,Throscidae,Aulonothroscus,Aulonothroscus brevicollis,988148,1
Arachnida,Trombidiformes,Trombidiidae,Allothrombium,Allothrombium fuliginosum,502421,5
Insecta,Diptera,Sciomyzidae,Coremacera,Coremacera marginata,338531,598
Insecta,Hemiptera,Aphididae,Brevicoryne,Brevicoryne brassicae,326910,673
Malacostraca,Isopoda,Tylidae,Helleria,Helleria brevicornis,779774,43
Insecta,Lepidoptera,Crambidae,Spoladea,Spoladea recurvalis,52043,12915
Arachnida,Araneae,Uloboridae,Hyptiotes,Hyptiotes paradoxus,336036,79
Insecta,Hymenoptera,Siricidae,Tremex,Tremex fuscicornis,631392,239
Insecta,Diptera,Tephritidae,Xyphosia,Xyphosia miliaria,460537,707
Insecta,Psocodea,Caeciliusidae,Caecilius,Caecilius fuscopterus,546151,31
Insecta,Lepidoptera,Nymphalidae,Aglais,Aglais io,207977,40657
Insecta,Diptera,Vermileonidae,Lampromyia,Lampromyia funebris,465722,2
Entognatha,Entomobryomorpha,Isotomidae,Isotoma,Isotoma viridis,313031,52
Insecta,Raphidioptera,Raphidiidae,Dichrostigma,Dichrostigma flavipes,491254,117
Insecta,Lepidoptera,Yponomeutidae,Swammerdamia,Swammerdamia caesiella,232017,215
Insecta,Lepidoptera,Ypsolophidae,Ochsenheimeria,Ochsenheimeria taurella,522757,20
Insecta,Lepidoptera,Zygaenidae,Adscita,Adscita statices,333243,923
Arachnida,Araneae,Phonognathidae,Leviellus,Leviellus stroemi,783396,130
